action:prompt_begin Resumption interrupted !!!;action:prompt_begin Reprise interrompue !!!
action:prompt_begin This is a test macro;action:prompt_begin Ceci est un macro de test
action:prompt_text Add _GUPPY_MACRO to mod_data/user.cfg;action:prompt_text Ajoutez _GUPPY_MACRO à mod_data/user.cfg
action:prompt_text Example of _GUPPY_MACRO is in mod/base.cfg;action:prompt_text Exemple de _GUPPY_MACRO dans mod/base.cfg
Adaptive bed;Plateau adaptatif
After clicking OK the printer will be powered off;L'imprimante s'éteindra après avoir cliqué sur OK
After macro execution press Ctrl + F5;Appuyez sur Ctrl + F5 après l'exécution du macro
Algorithm: {zclear};Algorithme : {zclear}
Allow Chinese clouds;Autoriser les serveurs chinois
All START_PRINT parameters for bed leveling are ignored;Tous les paramètres START_PRINT pour le nivellement sont ignorés
Auto close dialogs on native screen after 20 sec (fast);Fermeture auto des dialogues en 20s (rapide)
Auto close dialogs on native screen after 20 sec (slow);Fermeture auto des dialogues en 20s (lente)
Auto disable motors after print/cancel in 25 sec;Désactivation auto des moteurs après impression/annulation (25s)
Automatic printer shutdown in {zpro_poweroff_timeout} min;Extinction auto de l'imprimante dans {zpro_poweroff_timeout} min
Automatic reboot in 1.5 minutes;Redémarrage automatique dans 1.5 minutes
Auto reboot printer after 1.5 minutes;Redémarrage auto après 1.5 minutes
Auto restart firmware after 1.5 minutes;Relance du firmware après 1.5 minutes
Backup config files to archive;Sauvegarde des fichiers de config dans une archive
Bed calibration. Profile {profile}. Extruder temp: {extruder_temp} / Bed temp: {bed_temp};Calibration du plateau. Profil {profile}. Température buse : {extruder_temp} / Plateau : {bed_temp}
Bed calibration without temperature off;Calibration sans refroidissement
Bed calibration with temperature off;Calibration avec refroidissement
Bed mesh {mesh} loaded;Maillage {mesh} chargé
Bed mesh {mesh} not found. Loaded auto profile;Maillage {mesh} introuvable. Profil auto chargé
Bed mesh {mesh} not found. Loaded MESH_DATA profile;Maillage {mesh} introuvable. Profil MESH_DATA chargé
Bed PID calibration;Calibration PID du plateau
Bed screw calibration;Calibration des vis du plateau
Bed temperature: {bed_temp};Température du plateau : {bed_temp}
Before measurements, don't forget to clean the nozzle with CLEAR_NOZZLE macro;Avant les mesures, nettoyez la buse avec le macro CLEAR_NOZZLE
Block Chinese clouds;Bloquer les serveurs chinois
Build bed mesh on each print.;Créer un maillage à chaque impression.
Build bed mesh with native screen on each print.;Créer un maillage via l'écran natif à chaque impression.
Building auto mesh (no loaded profile);Création du maillage auto (aucun profil chargé)
Building bed mesh on each print.;Création du maillage à chaque impression.
Building bed mesh with native screen on each print.;Création via l'écran natif à chaque impression.
Building default mesh (FORCE_LEVELING={force_leveling});Création du maillage par défaut (FORCE_LEVELING={force_leveling})
Building full bed mesh.;Création du maillage complet.
Building {mesh} mesh (not found). Save it AFTER print!;Création du maillage {mesh} (introuvable). Sauvegardez-le APRÈS l'impression !
Cancellation sent to native screen;Annulation envoyée à l'écran natif
Cancel print;Annuler l'impression
Cancel the actual running print;Annuler l'impression en cours
Cancel;Annuler
Check file MD5 checksum;Vérifier la somme MD5 du fichier
Check {iter+1}. {clp}. Weight: {we};Vérification {iter+1}. {clp}. Poids : {we}
Check memory usage;Vérifier l'utilisation mémoire
Check time;Vérifier l'heure
Clear EMMC;Effacer l'EMMC
Close dialogs on stock screen (fast);Fermer les dialogues sur l'écran natif (rapide)
Close dialogs on stock screen (slow);Fermer les dialogues sur l'écran natif (lent)
Closing dialog windows on native screen (fast);Fermeture des fenêtres (rapide)
Closing dialog windows on native screen (slow);Fermeture des fenêtres (lent)
Cold pull (nozzle cleaning) gently;Nettoyage doux de la buse (cold pull)
Collecting X axis data;Collecte des données de l'axe X
Collecting Y axis data;Collecte des données de l'axe Y
Compare grid extremes with last probe;Comparer les extrêmes de la grille avec la dernière mesure
Cooling down to {cold_temp}°C;Refroidissement à {cold_temp}°C
CoreXY half-axis test for belt frequency analysis;Test des demi-axes CoreXY pour analyse des fréquences des courroies
Currently printing: {filename} ({progress | round(1)}%), print recovery impossible;Impression en cours : {filename} ({progress | round(1)}%), récupération impossible
Current profile:;Profil actuel:
Custom Guppy button;Bouton Guppy personnalisé
Delete data;Supprimer les données
Detect part detachment or nozzle hit;Détection de détachement de pièce ou choc de buse
Did you know you can enable KAMP globally?;Saviez-vous que vous pouvez activer KAMP globalement ?
Disable alternative camera;Désactiver la caméra alternative
Disable backlight;Désactiver le rétroéclairage
Disable camera on printer screen;Désactiver la caméra sur l'écran
Disable check with: MESH;Désactiver la vérification : MESH
Disable circulation;Désactiver la circulation
Disable filament sensor on native screen;Désactiver le détecteur de filament sur l'écran
Disable heating and cooler;Désactiver chauffage et refroidissement
Disable nozzle line purge;Désactiver la purge de buse
Disable SSH port forwarding;Désactiver le transfert de port SSH
Disable stock screen;Désactiver l'écran natif
Do not disable display if you don't fully understand bed leveling, Z-Offset and START_PRINT/END_PRINT macros;Ne pas désactiver l'écran sans comprendre le nivellement, le Z-Offset et les macros START/END_PRINT
Don't build bed mesh on each print.;Ne construisez pas de maillage de lit sur chaque impression
Don't check file MD5 checksum;Ne pas vérifier la somme MD5
Don't close dialogs on native screen;Ne pas fermer les dialogues sur l'écran
Don't disable motors automatically after print/cancel;Ne pas désactiver les moteurs automatiquement
Don't fix E0011 error;Ne pas corriger l'erreur E0011
Don't fix E0017 error;Ne pas corriger l'erreur E0017
Don't load Z-Offset from global settings;Ne pas charger le Z-Offset des paramètres globaux
Don't reboot printer automatically;Ne pas redémarrer automatiquement
Don't save data for print recovery;Ne pas sauvegarder pour la récupération
Don't test bed mesh before printing;Ne pas tester le maillage avant impression
Don't use KAMP instead of BED_MESH_CALIBRATE;Ne pas utiliser KAMP à la place de BED_MESH_CALIBRATE
Don't use nozzle pre-purge;Ne pas utiliser la pré-purge
Download archive in 'Configuration' -> 'mod_data' ->;Téléchargez l'archive dans 'Configuration' -> 'mod_data' ->
Enable backlight;Activer le rétroéclairage
Enable camera on printer screen;Activer la caméra sur l'écran
Enable/disable pause at specific layer;Activer/Désactiver la pause à une couche spécifique
Enable external circulation;Activer la circulation externe
Enable internal circulation;Activer la circulation interne
Enable nozzle line purge;Activer la purge de buse
Enable pause at next layer;Activer la pause à la prochaine couche
Enable stock screen and reboot;Activer l'écran natif et redémarrer
End G-code;Fin du G-code
End of cleaning Z={zprobe+0.05};Fin du nettoyage Z={zprobe+0.05}
Error: File {filename} not found. Print canceled.;Erreur : Fichier {filename} introuvable. Impression annulée.
Error: File '{filename}' not specified. Print canceled.;Erreur : Fichier '{filename}' non spécifié. Impression annulée.
Error: File '{filename}' was not verified in time. Print canceled.;Erreur : Fichier '{filename}' non vérifié à temps. Impression annulée.
Error! Filename not specified.;Erreur ! Nom de fichier manquant.
Error: {printer.print_stats.message};Erreur : {printer.print_stats.message}
Extruder PID calibration;Calibration PID de l'extrudeur
Extruder temperature: {extruder_temp};Température de l'extrudeur : {extruder_temp}
Extrudes, if the extruder is hot enough;Extrusion si l'extrudeur est assez chaud
Extruding 10 cm of filament;Extrusion de 10 cm de filament
Failed to close windows? Use fast close: FAST_CLOSE_DIALOGS;Échec fermeture ? Utilisez FAST_CLOSE_DIALOGS
Fans control;Contrôle des ventilateurs
Far;Loing
Filament change requested. Load new filament and click 'Resume'.;Changement demandé. Chargez le filament et cliquez sur 'Reprendre'.
Filament Change;Changement de filament
Filament change;Changement de filament
Filament management;Gestion du filament
Filament runout detected;Fin de filament détectée
Filament runout or jam detected;Fin de filament ou blocage détecté
Filament jam detected;Blocage détecté
Filament runout. Pausing in 30 seconds;Fin de filament. Pause dans 30 secondes
File {filename} contains arc commands (G2, G3). Disable them. In Orca: Process Profile -> Arc Approximation -> Uncheck;Fichier contient G2/G3. Désactivez-les dans Orca : Process Profile -> Arc Approximation
File {filename} has no MD5 checksum. Enable it in Orca. https://wiki.zmod.link/Recomendations/;Fichier sans somme MD5. Activez-la dans Orca. Lien : [FAQ]
File {filename} MD5 mismatch. File deleted. Print canceled;Somme MD5 incorrecte. Fichier supprimé. Impression annulée
File {filename} MD5 mismatch. Print canceled;Somme MD5 incorrecte. Impression annulée
File {filename} uses unsupported G17/G18/G19 commands. Replace Z-Hop type.;Fichier utilise G17/G18/G19. Remplacez le type Z-Hop.
File {filename} verified successfully. MD5 checksum matches.;Fichier vérifié. Somme MD5 correcte.
File MD5 sum check;Vérification de la somme MD5
Final test;Test final
Fix E0011 error;Corriger l'erreur E0011
Fix E0017 error;Corriger l'erreur E0017
Flashing MCU with original version for native Klipper;Flashage du MCU avec la version originale pour Klipper natif
Forced bed leveling: disabled;Nivellement forcé : désactivé
Forced bed leveling: enabled;Nivellement forcé : activé
Generating belts frequency profile...;Génération du profil de fréquence des courroies...
Getting data for KAMP.;Récupération des données pour KAMP
Get ZMOD parameters;Obtenir les paramètres ZMOD
Global Z-Offset load: ignored (working with screen);Chargement global Z-Offset : ignoré (écran actif)
GuppyScreen is not used;GuppyScreen non utilisé
has detected that the filament has run out, please load it and press RESUME;Détection de fin de filament. Chargez-en et appuyez sur RESUME
Heating bed and extruder.;Chauffage du plateau et de l'extrudeur
Helper;Assistant
https://wiki.zmod.link/FAQ/;https://wiki.zmod.link/FAQ/
Image saved: {png_out_path}. Configuration -> mod_data;Image sauvegardée : {png_out_path}. Configuration -> mod_data
In Orca. Printer profile -> Extruder 1 -> Z Hop Type. Set Normal or Sloped.;Dans Orca : Profil -> Extrudeur 1 -> Z Hop Type. Choisissez Normal ou Incliné
In Orca: Printer Profile -> Extruder 1 -> Z Hop Type -> Set to Normal or Sloped;Même instruction qu'au-dessus
Input shaper calibration;Calibration du shaper d'entrée
Interrupted print detected;Impression interrompue détectée
is not hot enough;n'est pas assez chaud
KAMP: disabled;KAMP : désactivé
KAMP: enabled;KAMP : activé
KAMP started SKIP_LEVELING={skip_leveling} FORCE_KAMP={force_kamp};KAMP démarré avec SKIP_LEVELING={skip_leveling} FORCE_KAMP={force_kamp}
Klipper process priority (1-min, 40-max): {znice};Priorité du processus Klipper (1-40) : {znice}
LED brightness at power on: {zled};Luminosité LED au démarrage : {zled}
Left;Gauche
Linear move with gcode state save/restore;Déplacement linéaire avec sauvegarde/restauration de l'état G-code
LINE_PURGE forced;Purge de ligne forcée
Load bed mesh: {mesh};Charger le maillage : {mesh}
Load cell reset error. Read FAQ: https://wiki.zmod.link/FAQ/;Erreur de réinitialisation des capteurs. Consultez le FAQ
Load cell reset successful. Weight: {we};Réinitialisation réussie. Poids : {we}
Load cell triggered! Make sure the bed is clean!;Capteur activé ! Vérifiez la propreté du plateau !
Loaded offset from global settings %s=%.4f;Décalage chargé depuis les paramètres globaux %s=%.4f
Loading filament at {extruder_temp} for {extrude_len}mm at {speed/60} mm/s;Chargement du filament à {extruder_temp}°C pour {extrude_len}mm à {speed/60} mm/s
Loading GuppyScreen;Chargement de GuppyScreen
Loading skew_profile;Chargement du profil skew_profile
Load Z-Offset from global settings;Charger le Z-Offset des paramètres globaux
Load;Charger
Maintain frequency for vibration diagnostics;Maintenir la fréquence pour diagnostic vibratoire
Manual filament loading / change;Chargement/Changement manuel
Material selection for loading;Sélection du matériau à charger
Material selection;Sélection du matériau
Maximum map: %.3f mm | Last probe: %.3f mm;Maximum : %.3f mm | Dernière mesure : %.3f mm
MD5 check failed. Print canceled.;Échec vérification MD5. Impression annulée.
MD5 check started;Vérification MD5 démarrée
MD5: disabled;MD5 : désactivé
MD5: enabled;MD5 : activé
Minimum map: %.3f mm | Delta: %.3f mm;Minimum : %.3f mm | Delta : %.3f mm
Moonlight sonata;Sonate au clair de lune
Motors disabled;Moteurs désactivés
moved to;déplacé vers
Moving head to far right corner;Déplacement de la tête vers le coin droit éloigné
Mute sound;Couper le son
Native screen disabled;Écran natif désactivé
Near;Proche
No need for leveling. Loaded profile: {cur_mesh};Pas besoin de nivellement. Profil chargé : {cur_mesh}
Nozzle cleaning;Nettoyage de la buse
Nozzle line purge disabled. DISABLE_PRIMING={disable_priming};Purge de buse désactivée. DISABLE_PRIMING={disable_priming}
Nozzle line purge;Purge de buse
Nozzle pre-cleaning;Pré-nettoyage de la buse
Nozzle priming: disabled;Purge de buse : désactivée
Nozzle priming: enabled;Purge de buse : activée
Nozzle temperature {extruder_temp};Température de buse {extruder_temp}
OK;OK
OK: Probe within mesh extremes;OK : Mesure dans les limites du maillage
OK;OK
OS check;Vérification du système
Override to get pause_next_layer and pause_at_layer functions;Surcharge pour obtenir les fonctions pause_next_layer et pause_at_layer
Parameters used at print end and cancellation [END_PRINT];Paramètres utilisés en fin d'impression/annulation [END_PRINT]
Parameters used at print start and bed leveling [START_PRINT];Paramètres utilisés au démarrage/nivellement [START_PRINT]
Parameter;Paramètre
Pause and filament change;Pause et changement de filament
Paused: {filename}, print recovery impossible;En pause : {filename}, récupération impossible
Pause print;Mettre en pause
Pause the actual running print;Mettre en pause l'impression en cours
Play MIDI at power on: {zmidi_on};Jouer MIDI au démarrage : {zmidi_on}
Play MIDI at print end: {zmidi_end};Jouer MIDI en fin d'impression : {zmidi_end}
Play MIDI file;Jouer un fichier MIDI
Play MIDI on print pause: {zmidi_pause};Jouer MIDI lors de la pause : {zmidi_pause}
Play MIDI on print start: {zmidi_start};Jouer MIDI au démarrage : {zmidi_start}
Play tone;Jouer un son
please heat it up and press RESUME again;réchauffez et appuyez à nouveau sur RESUME
Possible wrong profile loaded (different plate/temperature);Profil potentiellement incorrect (plaque/température différente)
Power off FF5M Pro after (min): {zpro_poweroff_timeout};Extinction du FF5M Pro après (min) : {zpro_poweroff_timeout}
Power off printer;Éteindre l'imprimante
Pre-cleaning completed;Pré-nettoyage terminé
Priming algorithm: {zclear};Algorithme de purge : {zclear}
Print completed;Impression terminée
Printer screen will freeze until pre-cleaning is complete.;L'écran sera gelé pendant le pré-nettoyage
Printer will boot into stock firmware;Démarrage sur le firmware d'origine
Print file from native screen;Imprimer depuis l'écran natif
Print file with bed leveling from native screen;Imprimer avec nivellement depuis l'écran natif
Print file;Imprimer le fichier
Printing file {filename} from native screen;Impression de {filename} depuis l'écran natif
Printing file {filename} with bed leveling from native screen;Impression de {filename} avec nivellement
Printing file from native screen;Impression depuis l'écran natif
Printing file with bed leveling from native screen;Impression avec nivellement depuis l'écran natif
Printing in progress. Movement is disabled.;Impression en cours. Déplacements désactivés.
Printing with bed mesh: {cur_mesh};Impression avec maillage : {cur_mesh}
Probe sensor {probe};Capteur de palpage {probe}
Profile or mesh matrix not found;Profil ou matrice de maillage introuvable
Pulling the filament;Retrait du filament
Purge algorithm: {zclear};Algorithme de purge : {zclear}
Purge code from FF group;Code de purge du groupe FF
Purge code from Orca Slicer;Code de purge d'Orca Slicer
Purge code with cleaner from top-right to bottom;Code de purge avec nettoyage de haut en bas
Purge;Purger
Reboot printer;Redémarrer l'imprimante
Reboot to original system (no zmod);Redémarrage sur le système original (sans zmod)
Redirect moonraker and camera to SSH server;Rediriger moonraker et caméra vers le serveur SSH
Remove the remaining filament manually;Retirer manuellement le filament restant
Remove zmod;Supprimer zmod
Replace default start G-code;Remplacer le G-code de démarrage par défaut
Replace Spiral/Auto Z-Hop. In Orca: Printer Profile -> Extruder 1 -> Z Hop Type -> Set to Normal or Sloped;Remplacer Spiral/Auto Z-Hop dans Orca : Profil -> Extrudeur 1 -> Z Hop Type
Replace Spiral/Auto Z-Hop. Printer doesn't support it.;Remplacer Spiral/Auto Z-Hop. Non supporté par l'imprimante
Requires 256MB RAM + enabled SWAP. !!;256MB RAM + SWAP activé requis !!
Resending cancellation to native screen canceled;Annulation de la résiliation vers l'écran natif
Reset load cell weight;Réinitialiser le poids des capteurs
Resetting load cell weight;Réinitialisation du poids des capteurs
Restart alternative camera;Redémarrer la caméra alternative
Restart Guppy;Redémarrer Guppy
Restore Z-Offset;Restaurer le Z-Offset
Restore;Restaurer
Restoring;Restauration en cours
Resume interrupted print;Reprendre l'impression interrompue
Resume print;Reprendre l'impression
Resume the actual running print;Reprendre l'impression en cours
Resume;Reprendre
Resumption interrupted;Reprise interrompue
Retracts, if the extruder is hot enough;Retrait si l'extrudeur est assez chaud
Right;Droit
Running native nozzle cleaning {extruder_temp}/{bed_temp};Nettoyage natif de la buse {extruder_temp}/{bed_temp}
Save data for print recovery;Sauvegarder pour la récupération
Saved data deleted;Données sauvegardées supprimées
Save Fluidd/Mainsail button changes;Sauvegarder les changements des boutons Fluidd/Mainsail
Save parameters without stock screen freeze;Sauvegarder sans figer l'écran natif
Save ZMOD parameters;Sauvegarder les paramètres ZMOD
Save Z-Offset;Sauvegarder le Z-Offset
Saving controlled by native screen;Sauvegarde contrôlée par l'écran natif
Schreider purge code from top-right to bottom;Code de purge Schreider de haut en bas
Select action;Sélectionner l'action
Select material to clean the nozzle;Choisir le matériau pour nettoyer la buse
Select material to load;Sélectionner le matériau à charger
Set 1/4->1/2->1 speed for 60s on print resume;Réglage de la vitesse 1/4->1/2->1 pendant 60s à la reprise
Set date and time (format: 2024.01.01-00:00:00);Définir la date et l'heure (format : 2024.01.01-00:00:00)
Setting Z-Offset {zoffset}, SKIP_ZOFFSET={skip_zoffset};Réglage du Z-Offset {zoffset}, SKIP_ZOFFSET={skip_zoffset}
Shutdown printer?;Éteindre l'imprimante ?
SKEW correction disabled;Correction SKEW désactivée
SKEW correction enabled. Profile skew_profile;Correction SKEW activée. Profil skew_profile
SKEW: disabled;SKEW : désactivé
SKEW: enabled;SKEW : activé
Skip bed leveling: disabled;Ignorer le nivellement : désactivé
Skip bed leveling: enabled;Ignorer le nivellement : activé
Skipping bed leveling. SKIP_LEVELING={skip_leveling};Nivellement ignoré. SKIP_LEVELING={skip_leveling}
SSH restart;Redémarrage SSH
Started MD5 check {filename};Vérification MD5 démarrée pour {filename}
Start fluidd/mainsail and moonraker after STOP_ZMOD;Démarrer fluidd/mainsail et moonraker après STOP_ZMOD
Start of cleaning Z={zprobe+0.15};Début du nettoyage Z={zprobe+0.15}
Start SSH if not running;Démarrer SSH si non actif
Status: {state};Statut : {state}
Stop fluidd/mainsail and moonraker;Arrêter fluidd/mainsail et moonraker
SWAP not used;SWAP non utilisé
SWAP used on EMMC;SWAP sur EMMC
SWAP used on USB FLASH;SWAP sur clé USB
Switch to console to view recovery stages;Passer en console pour voir les étapes de récupération
Switch web interface (fluidd/mainsail);Changer d'interface web (fluidd/mainsail)
System-wide parameters;Paramètres système
temperature to;température à
Temporary ZMOD disable;Désactivation temporaire de ZMOD
Test bed mesh before printing;Tester le maillage avant impression
Test bed mesh before printing + KAMP;Tester le maillage avant impression + KAMP
Test EMMC;Tester l'EMMC
The printer was not homed (G28);L'imprimante n'a pas été homée (G28)
This will take some time (3-5 minutes);Cela prendra du temps (3-5 minutes)
Timezone change;Changement de fuseau horaire
triggered;déclenché
Trying to load bed mesh: {mesh};Tentative de chargement du maillage : {mesh}
Turn off native screen after (sec): {zdisplay_off_timeout};Éteindre l'écran natif après (sec) : {zdisplay_off_timeout}
Unload;Décharger
Update MCU;Mettre à jour le MCU
Update printer via USB;Mettre à jour via USB
Use adaptive mesh (KAMP) where possible instead of full bed mesh;Préférer le maillage adaptatif (KAMP)
Use alternative camera;Utiliser la caméra alternative
Use alternative NEW_SAVE_CONFIG;Utiliser l'alternative NEW_SAVE_CONFIG
Use bed leveling mode from native screen.;Utiliser le mode nivellement de l'écran natif
Use Fluidd/Mainsail button settings from ZMOD;Utiliser les paramètres de boutons ZMOD pour Fluidd/Mainsail
Use nozzle pre-purge;Utiliser la pré-purge
Use SCV = 5 for shaper graphs;Utiliser SCV = 5 pour les graphiques du shaper
Use SCV from config for shaper graphs;Utiliser SCV du config pour les graphiques
Use standard SAVE_CONFIG;Utiliser SAVE_CONFIG standard
Use Z-Offset loading from global parameters to control Z-Offset with GuppyScreen;Charger Z-Offset des paramètres globaux pour contrôle via GuppyScreen
Use;Utiliser
Using BED_MESH_CALIBRATE;Utilisation de BED_MESH_CALIBRATE
Using filament motion sensor;Utilisation du détecteur de mouvement
Using filament presence sensor;Utilisation du détecteur de présence
Using global Z-Offset control. SKIP_ZOFFSET and Z_OFFSET parameters ignored;Contrôle global du Z-Offset. SKIP_ZOFFSET et Z_OFFSET ignorés
Using KAMP from global settings.;Utilisation de KAMP des paramètres globaux
Using KAMP;Utilisation de KAMP
Using Klipper 13;Utilisation de Klipper 13.
Using native Klipper;Utilisation de Klipper natif.
Wait 10 seconds and power on again. MCU update will begin.;Attendez 10s et rallumez. Mise à jour du MCU
Wait for the music and power off the printer.;Attendez la musique et éteignez l'imprimante
Waiting for check to complete;En attente de vérification
Waiting for nozzle to heat up to {extruder_temp};En attente du chauffage de la buse à {extruder_temp}°C
WARNING: Bed mesh not loaded!;ALERTE : Maillage non chargé !
WARNING: Last probe ABOVE mesh maximum by %.3f mm!;ALERTE : Dernière mesure %.3f mm AU-DESSUS du maximum !
WARNING: Last probe BELOW mesh minimum by %.3f mm!;ALERTE : Dernière mesure %.3f mm EN-DESSOUS du minimum !
Weight at error: {we};Poids lors de l'erreur : {we}
Work completed;Travail terminé
Yes;Oui
You are NOT using native screen;Vous n'utilisez PAS l'écran natif
You are using KAMP. Recommended to use LINE_PURGE:;Vous utilisez KAMP. Utilisez LINE_PURGE :
You are using native screen // DISPLAY_ON;Vous utilisez l'écran natif // DISPLAY_ON
You are using native screen;Vous utilisez l'écran natif
You are working WITHOUT native screen // DISPLAY_OFF GUPPY=0;Vous travaillez SANS écran natif // DISPLAY_OFF GUPPY=0
You are working WITHOUT native screen with GuppyScreen // DISPLAY_OFF GUPPY=1;Vous travaillez SANS écran mais AVEC GuppyScreen // DISPLAY_OFF GUPPY=1
You need to disconnect power cord and then reconnect it;Débranchez/rebranchez l'alimentation
You're using native screen. No need to restart GuppyScreen;Écran natif utilisé. Pas besoin de redémarrer GuppyScreen
Zeroing confirmed;Zéro confirmé
Zeroing not confirmed;Zéro non confirmé
ZMOD parameters. Set via SAVE_ZMOD_DATA;Paramètres ZMOD. Régler via SAVE_ZMOD_DATA
Z-Offset setup skipped, SKIP_ZOFFSET={skip_zoffset};Réglage Z-Offset ignoré, SKIP_ZOFFSET={skip_zoffset}
Available languages;Langues disponibles
Restore backup config files from archive;Restaurer les fichiers de configuration de sauvegarde à partir de l'archive
To restore the config, copy to 'Configuration' -> 'mod_data' -> config.tar.gz and call RESTORE_TAR_CONFIG;Pour restaurer la configuration, copiez dans 'Configuration' -> 'mod_data' -> config.tar.gz et appelez RESTORE_TAR_CONFIG
Set LED;Ensemble LED
Don't hide color selection when printing starts;Ne pas masquer la sélection de couleur au démarrage de l'impression
Hide color selection, print with IFS;Masquer la sélection de couleur, imprimer avec IFS
Hide color selection, print without IFS;Masquer la sélection de couleur, imprimer sans IFS
Cutting the filament;Couper le filament
Cleaning the nozzle on rubber;Nettoyer la buse sur le caoutchouc
Loading filament;Charger le filament
Unloading filament;Décharger le filament
Heating the nozzle to {extruder_temp} degrees;Chauffer la buse à {extruder_temp} degrés
Drop filament {filament_drop_length} + {filament_drop_length_add}. Speed {filament_extruder_speed};Déposer le filament {filament_drop_length} + {filament_drop_length_add}. Vitesse {filament_extruder_speed}
Go to trash;Aller à la corbeille
Use RESUME_MOTION_SENSOR to resume printing after the filament in the extruder runs out.;Utilisez RESUME_MOTION_SENSOR pour reprendre l'impression après que le filament de l'extrudeuse soit épuisé.
Purge filament;Purger le filament
Insert rod automatically;Charger le filament automatiquement
Don't Insert rod automatically;Ne pas charger le filament automatiquement
Extracting filament from the extruder;Extraire le filament de l'extrudeuse
Use trash when printing;Utiliser le bac de purge pendant l'impression
Don't Use trash when printing;Ne pas utiliser le bac de purge pendant l'impression
Waiting for temperature normalization. Bed: {bed_temp-3}-{bed_temp+4}. Extruder: {extruder_temp-2}-{extruder_temp+4};En attente de la normalisation de la température. Lit: {bed_temp-3}-{bed_temp+4}. Extrudeuse: {extruder_temp-2}-{extruder_temp+4}
If it takes a long time, calibrate the PID of the extruder and bed;Si cela prend beaucoup de temps, calibrez le PID de l'extrudeuse et du lit
Temperature normalization completed;Normalisation de la température terminée
Don't remove the filament after printing is completed;Ne pas retirer le filament après l'impression
Remove filament after printing is complete;Retirer le filament après l'impression
Is the alternate screen taking a long time to load? Reduce the default screen's load time.;L'écran alternatif met-il trop de temps à charger ? Réduisez le temps de chargement de l'écran par défaut.
Tired of problems with WiFi, let zmod manage it.;Fatigué des problèmes WiFi ? Laissez zmod les gérer.
Incorrect start code START_PRINT EXTRUDER_TEMP BED_TEMP must be written in one line !!;Code de démarrage incorrect START_PRINT EXTRUDER_TEMP BED_TEMP doit être écrit sur une seule ligne !!
Don't forget to turn off the camera on your printer's native screen.;N'oubliez pas d'éteindre la caméra sur l'écran natif de votre imprimante.
START_PRINT has finished its work.;START_PRINT a terminé son travail.
Incorrect MCU version. Need run UPDATE_MCU FORCE=13;Version MCU incorrecte. Exécutez UPDATE_MCU FORCE=13
Incorrect ZLINK data. Register your printer on the http://zlink.info and receive a ZLINK string.;Données ZLINK incorrectes. Enregistrez votre imprimante sur http://zlink.info et recevez une chaîne ZLINK.
Use LOAD_ZOFFSET_NATIVE to copy the Z-Offset from the native screen.;Utilisez LOAD_ZOFFSET_NATIVE pour copier le Z-Offset de l'écran natif.
Turn on NOZZLE_CONTROL to control the nozzle impact on the table;Activez NOZZLE_CONTROL pour contrôler l'impact de la buse sur la table
Loading a similar rod from coil;Chargement d'un filament similaire de la bobine
Use SAVE_ZMOD_DATA MESH_TEST=2 to automatically launch KAMP if an error occurs;Utilisez SAVE_ZMOD_DATA MESH_TEST=2 pour lancer automatiquement KAMP en cas d'erreur
If any parameters were changed, it is recommended to reboot the printer;Si des paramètres ont été modifiés, il est recommandé de redémarrer l'imprimante
Initial setting;Paramétrage initial
You can browse and change global parameters if necessary. https://wiki.zmod.link/Global/;Vous pouvez parcourir et modifier les paramètres globaux si nécessaire. https://wiki.zmod.link/Global/
Enable the recommendations plugin? It allows you to configure basic settings with one click.;Activer le plugin de recommandations ? Il permet de configurer les paramètres de base en un clic.
Next;Suivant
Z-Offset loaded from native screen;Z-Offset chargé depuis l'écran natif
Did you know that you can access your printer remotely using zmod.link?;Saviez-vous que vous pouvez accéder à votre imprimante à distance en utilisant zmod.link ?
Do not save the state of filament sensors;Ne pas enregistrer l'état des capteurs de filament
Save the state of filament sensors;Enregistrer l'état des capteurs de filament
Z-Offset saved in global settings;Z-Offset enregistré dans les paramètres globaux
Z-Offset saved in the native screen;Z-Offset enregistré dans l'écran natif
Setting Z-Offset {zoffset};Configuration de Z-Offset {zoffset}
Using global Z-Offset control. Z_OFFSET parameter ignored;Utilisation du contrôle global Z-Offset. Le paramètre Z_OFFSET est ignoré
Z-Offset setup skipped;Configuration du Z-Offset ignorée
The printer has started printing the file;L'imprimante a commencé l'impression du fichier
The printer has finished printing the file;L'imprimante a terminé l'impression du fichier
Error;Erreur
Printing canceled;Impression annulée
Pause;Pause
Resume printing;Reprendre l'impression
Moving the bed down 5 mm;Abaissement du lit de 5 mm
Start printer;Imprimante allumée
Native Screen;Écran natif
Loading a similar rod for the tool;Chargement d'un filament similaire pour l'outil
this cleanup macro does NOT exist. LINE_PURGE is used;ce macro de nettoyage N'existe PAS. LINE_PURGE est utilisé
Available macros;Macros disponibles
Add the {macro_name|upper} macro to mod_data/user.cfg or disable the use of the cleanup line // SAVE_ZMOD_DATA DISABLE_PRIMING=1;Ajoutez la macro {macro_name|upper} à mod_data/user.cfg ou désactivez l'utilisation de la ligne de nettoyage // SAVE_ZMOD_DATA DISABLE_PRIMING=1
Pause: Restore: {restore}, Temp: {temp}/{heater_bed_temp};Pause: Restaurer: {restore}, Temp: {temp}/{heater_bed_temp}
Resume: Restore: {last_extruder_temp.restore}, Temp: {last_extruder_temp.temp}/{last_extruder_temp.heater_bed_temp}, Status: {printer.idle_timeout.state | upper};Reprendre: Restaurer: {last_extruder_temp.restore}, Temp: {last_extruder_temp.temp}/{last_extruder_temp.heater_bed_temp}, Statut: {printer.idle_timeout.state | upper}
WARNING: Last probe MORE saved by %.4f mm!;AVERTISSEMENT : La dernière sonde DÉPASSE la valeur enregistrée de %.4f mm !
Use SAVE_ZMOD_DATA MESH_TEST=%d to automatically launch KAMP if an error occurs;Utilisez SAVE_ZMOD_DATA MESH_TEST=%d pour lancer automatiquement KAMP en cas d'erreur
AutoZOffset: on // See https://wiki.zmod.link/Global/ mesh_test;AutoZOffset: activé // See https://wiki.zmod.link/Global/ mesh_test
AutoZOffset: off // See https://wiki.zmod.link/Global/ mesh_test;AutoZOffset: désactivé // See https://wiki.zmod.link/Global/ mesh_test
Photo;Photo
There will be a SCHEDULED reboot now;Un redémarrage PRÉvu va avoir lieu maintenant
Parameters used in color selection menu;Paramètres utilisés dans le menu de sélection des couleurs
Show {zallowed_tool_count} colors;Afficher {zallowed_tool_count} couleurs
Show {zallowed_tool_count} colors when file colors cannot be scanned;Afficher {zallowed_tool_count} couleurs quand les couleurs du fichier ne peuvent pas être lues
Don't scan files for color / material data;Ne pas numériser les fichiers pour les données de couleur / matériel
Check files for pre-prepared color / material data only;Vérifier uniquement les données de couleur / matériel pré-préparées dans les fichiers
Scan files for color / material data;Numériser les fichiers pour les données de couleur / matériel
Do not auto-assign colors;Ne pas assigner les couleurs automatiquement
Auto-assign colors if file colors successfully scanned;Assigner auto les couleurs si les couleurs du fichier sont lues avec succès
Auto-assign colors if file colors successfully scanned, halt silent mode print on serious auto-assignment errors;Assigner auto si succès, arrêter l'impression en mode silencieux sur erreurs d'assignation graves
Auto-assign colors if file colors successfully scanned, halt silent mode print on any auto-assignment errors;Assigner auto si succès, arrêter l'impression en mode silencieux sur toute erreur d'assignation
Auto-assign colors if file colors successfully scanned, halt silent mode print on some auto-assignment errors;Assigner auto si succès, arrêter l'impression en mode silencieux sur certaines erreurs d'assignation
Display zero-based tool indexes (T0, T1, etc);Afficher les index d'outils à partir de zéro (T0, T1, etc.)
Display one-based tool indexes (Color 1, Color 2, etc);Afficher les index d'outils à partir de un (Color 1, Color 2, etc.)
Skip color change process if old and new color are the same physical IFS channel;Sauter le processus de changement de couleur si l'ancienne et la nouvelle couleur sont sur le même canal physique IFS
Do not skip color change process when old and new color are the same physical IFS channel;Ne pas sauter le processus de changement de couleur si l'ancienne et la nouvelle couleur sont sur le même canal physique IFS
Don't scan files for color data;Ne pas numériser les fichiers pour les données de couleur
Load pre-prepared color data only;Charger uniquement les données de couleur pré-préparées
Scan files for color data;Numériser les fichiers pour les données de couleur
Auto-assign colors, silent mode halts on any error;Assignation auto des couleurs, le mode silencieux s'arrête sur toute erreur
Auto-assign colors, silent mode halts on major error;Assignation auto des couleurs, le mode silencieux s'arrête sur une erreur majeure
Auto-assign colors;Assigner les couleurs automatiquement
Auto-assign colors, silent mode halts on some errors;Assignation auto des couleurs, le mode silencieux s'arrête sur certaines erreurs
unknown value:;valeur inconnue :
Unrecognized value for setting:;Valeur non reconnue pour le paramètre :
custom value:;valeur personnalisée :
Parameters used during printing;Paramètres utilisés pendant l'impression
