action:prompt_begin Resumption interrupted !!!;action:prompt_begin Ripresa interrotta !!!
action:prompt_begin This is a test macro;action:prompt_begin Questa è una macro di prova
action:prompt_text Add _GUPPY_MACRO to mod_data/user.cfg;action:prompt_text Aggiungi _GUPPY_MACRO a mod_data/user.cfg
action:prompt_text Example of _GUPPY_MACRO is in mod/base.cfg;action:prompt_text Un esempio di _GUPPY_MACRO si trova in mod/base.cfg
Adaptive bed;Piatto adattivo
After clicking OK the printer will be powered off;Dopo aver cliccato su OK, la stampante verrà spenta
After macro execution press Ctrl + F5;Dopo l'esecuzione della macro premi Ctrl + F5
Algorithm: {zclear};Algoritmo: {zclear}
Allow Chinese clouds;Consenti server cinesi
All START_PRINT parameters for bed leveling are ignored;Tutti i parametri START_PRINT per il livellamento del piatto sono ignorati
Auto close dialogs on native screen after 20 sec (fast);Chiudi automaticamente le finestre sullo schermo nativo dopo 20 secondi (veloce)
Auto close dialogs on native screen after 20 sec (slow);Chiudi automaticamente le finestre sullo schermo nativo dopo 20 secondi (lento)
Auto disable motors after print/cancel in 25 sec;Disattiva automaticamente i motori dopo la stampa/annullamento in 25 secondi
Automatic printer shutdown in {zpro_poweroff_timeout} min;Spegnimento automatico della stampante in {zpro_poweroff_timeout} min
Automatic reboot in 1.5 minutes;Riavvio automatico in 1.5 minuti
Auto reboot printer after 1.5 minutes;Riavvia automaticamente la stampante dopo 1.5 minuti
Auto restart firmware after 1.5 minutes;Riavvia automaticamente il firmware dopo 1.5 minuti
Backup config files to archive;Salva i file di configurazione in un archivio
Bed calibration. Profile {profile}. Extruder temp: {extruder_temp} / Bed temp: {bed_temp};Calibrazione del piatto. Profilo {profile}. Temperatura estrusore: {extruder_temp} / Piatto: {bed_temp}
Bed calibration without temperature off;Calibrazione del piatto senza spegnere la temperatura
Bed calibration with temperature off;Calibrazione del piatto con spegnimento della temperatura
Bed mesh {mesh} loaded;Griglia del piatto {mesh} caricata
Bed mesh {mesh} not found. Loaded auto profile;Griglia del piatto {mesh} non trovata. Caricato profilo automatico
Bed mesh {mesh} not found. Loaded MESH_DATA profile;Griglia del piatto {mesh} non trovata. Caricato profilo MESH_DATA
Bed PID calibration;Calibrazione PID del piatto
Bed screw calibration;Calibrazione delle viti del piatto
Bed temperature: {bed_temp};Temperatura del piatto: {bed_temp}
Before measurements, don't forget to clean the nozzle with CLEAR_NOZZLE macro;Prima delle misurazioni, non dimenticare di pulire l'ugello con la macro CLEAR_NOZZLE
Block Chinese clouds;Blocca i server cinesi
Build bed mesh on each print.;Crea la griglia del piatto ad ogni stampa.
Build bed mesh with native screen on each print.;Crea la griglia del piatto tramite lo schermo nativo ad ogni stampa.
Building auto mesh (no loaded profile);Creazione della griglia automatica (nessun profilo caricato)
Building bed mesh on each print.;Creazione della griglia del piatto ad ogni stampa.
Building bed mesh with native screen on each print.;Creazione della griglia tramite schermo nativo ad ogni stampa.
Building default mesh (FORCE_LEVELING={force_leveling});Creazione della griglia predefinita (FORCE_LEVELING={force_leveling})
Building full bed mesh.;Creazione della griglia completa del piatto.
Building {mesh} mesh (not found). Save it AFTER print!;Creazione della griglia {mesh} (non trovata). Salvala DOPO la stampa!
Cancellation sent to native screen;Annullamento inviato allo schermo nativo
Cancel print;Annulla la stampa
Cancel the actual running print;Annulla la stampa in corso
Cancel;Annulla
Check file MD5 checksum;Verifica la somma di controllo MD5 del file
Check {iter+1}. {clp}. Weight: {we};Controllo {iter+1}. {clp}. Peso: {we}
Check memory usage;Verifica l'utilizzo della memoria
Check time;Verifica l'ora
Clear EMMC;Cancella EMMC
Close dialogs on stock screen (fast);Chiudi le finestre sullo schermo nativo (veloce)
Close dialogs on stock screen (slow);Chiudi le finestre sullo schermo nativo (lento)
Closing dialog windows on native screen (fast);Chiusura delle finestre di dialogo sullo schermo nativo (veloce)
Closing dialog windows on native screen (slow);Chiusura delle finestre di dialogo sullo schermo nativo (lento)
Cold pull (nozzle cleaning) gently;Cold pull (pulizia dell'ugello) delicatamente
Collecting X axis data;Raccolta dei dati dell'asse X
Collecting Y axis data;Raccolta dei dati dell'asse Y
Compare grid extremes with last probe;Confronta gli estremi della griglia con l'ultima sonda
Cooling down to {cold_temp}°C;Raffreddamento fino a {cold_temp}°C
CoreXY half-axis test for belt frequency analysis;Test semi-asse CoreXY per l'analisi della frequenza delle cinghie
Currently printing: {filename} ({progress | round(1)}%), print recovery impossible;In stampa: {filename} ({progress | round(1)}%), recupero impossibile
Current profile:;Profilo attuale:
Custom Guppy button;Pulsante personalizzato Guppy
Delete data;Elimina dati
Detect part detachment or nozzle hit;Rileva distacco della parte o impatto dell'ugello
Did you know you can enable KAMP globally?;Sapevi che puoi abilitare KAMP globalmente?
Disable alternative camera;Disabilita fotocamera alternativa
Disable backlight;Disabilita retroilluminazione
Disable camera on printer screen;Disabilita la fotocamera sullo schermo della stampante
Disable check with: MESH;Disabilita il controllo: MESH
Disable circulation;Disabilita circolazione
Disable filament sensor on native screen;Disabilita il sensore di filamento sullo schermo nativo
Disable heating and cooler;Disabilita riscaldamento e raffreddamento
Disable nozzle line purge;Disabilita la purga della linea dell'ugello
Disable SSH port forwarding;Disabilita il forwarding della porta SSH
Disable stock screen;Disabilita schermo nativo
Do not disable display if you don't fully understand bed leveling, Z-Offset and START_PRINT/END_PRINT macros;Non disabilitare lo schermo se non comprendi appieno il livellamento del piatto, lo Z-Offset e le macro START_PRINT/END_PRINT
Don't build bed mesh on each print.;Non costruire la rete del letto su ogni stampa
Don't check file MD5 checksum;Non verificare la somma MD5 del file
Don't close dialogs on native screen;Non chiudere le finestre sullo schermo nativo
Don't disable motors automatically after print/cancel;Non disattivare automaticamente i motori dopo la stampa/annullamento
Don't fix E0011 error;Non correggere l'errore E0011
Don't fix E0017 error;Non correggere l'errore E0017
Don't load Z-Offset from global settings;Non caricare lo Z-Offset dalle impostazioni globali
Don't reboot printer automatically;Non riavviare automaticamente la stampante
Don't save data for print recovery;Non salvare i dati per il recupero della stampa
Don't test bed mesh before printing;Non testare la griglia del piatto prima della stampa
Don't use KAMP instead of BED_MESH_CALIBRATE;Non usare KAMP al posto di BED_MESH_CALIBRATE
Don't use nozzle pre-purge;Non usare la pre-purga dell'ugello
Download archive in 'Configuration' -> 'mod_data' ->;Scarica l'archivio in 'Configurazione' -> 'mod_data' ->
Enable backlight;Abilita retroilluminazione
Enable camera on printer screen;Abilita la fotocamera sullo schermo della stampante
Enable/disable pause at specific layer;Abilita/disabilita pausa a uno specifico strato
Enable external circulation;Abilita circolazione esterna
Enable internal circulation;Abilita circolazione interna
Enable nozzle line purge;Abilita la purga della linea dell'ugello
Enable pause at next layer;Abilita pausa al prossimo strato
Enable stock screen and reboot;Abilita schermo nativo e riavvia
End G-code;Fine G-code
End of cleaning Z={zprobe+0.05};Fine della pulizia Z={zprobe+0.05}
Error: File {filename} not found. Print canceled.;Errore: File {filename} non trovato. Stampa annullata.
Error: File '{filename}' not specified. Print canceled.;Errore: File '{filename}' non specificato. Stampa annullata.
Error: File '{filename}' was not verified in time. Print canceled.;Errore: Il file '{filename}' non è stato verificato in tempo. Stampa annullata.
Error! Filename not specified.;Errore! Nome file non specificato.
Error: {printer.print_stats.message};Errore: {printer.print_stats.message}
Extruder PID calibration;Calibrazione PID dell'estrusore
Extruder temperature: {extruder_temp};Temperatura dell'estrusore: {extruder_temp}
Extrudes, if the extruder is hot enough;Estrude, se l'estrusore è abbastanza caldo
Extruding 10 cm of filament;Estrusione di 10 cm di filamento
Failed to close windows? Use fast close: FAST_CLOSE_DIALOGS;Impossibile chiudere le finestre? Usa chiusura rapida: FAST_CLOSE_DIALOGS
Fans control;Controllo ventole
Far;Lontano
Filament change requested. Load new filament and click 'Resume'.;Richiesto cambio filamento. Carica nuovo filamento e clicca 'Riprendi'.
Filament Change;Cambio filamento
Filament change;Cambio filamento
Filament management;Gestione del filamento
Filament runout detected;Rilevata fine del filamento
Filament runout or jam detected;Rilevata fine del filamento o blocco
Filament jam detected;Filamento o blocco
Filament runout. Pausing in 30 seconds;Fine del filamento. Pausa in 30 secondi
File {filename} contains arc commands (G2, G3). Disable them. In Orca: Process Profile -> Arc Approximation -> Uncheck;Il file {filename} contiene comandi ad arco (G2, G3). Disattivali. In Orca: Process Profile -> Arc Approximation -> Deseleziona
File {filename} has no MD5 checksum. Enable it in Orca. https://wiki.zmod.link/Recomendations/;Il file {filename} non ha checksum MD5. Abilitalo in Orca. Link: [FAQ]
File {filename} MD5 mismatch. File deleted. Print canceled;Checksum MD5 non corrispondente. File eliminato. Stampa annullata
File {filename} MD5 mismatch. Print canceled;Checksum MD5 non corrispondente. Stampa annullata
File {filename} uses unsupported G17/G18/G19 commands. Replace Z-Hop type.;Il file {filename} utilizza comandi G17/G18/G19 non supportati. Sostituisci il tipo Z-Hop.
File {filename} verified successfully. MD5 checksum matches.;File {filename} verificato con successo. Checksum MD5 corrispondente.
File MD5 sum check;Verifica della somma MD5 del file
Final test;Test finale
Fix E0011 error;Correggi errore E0011
Fix E0017 error;Correggi errore E0017
Flashing MCU with original version for native Klipper;Flash MCU con versione originale per Klipper nativo
Forced bed leveling: disabled;Livellamento forzato del piatto: disabilitato
Forced bed leveling: enabled;Livellamento forzato del piatto: abilitato
Generating belts frequency profile...;Generazione del profilo di frequenza delle cinghie...
Getting data for KAMP.;Recupero dati per KAMP
Get ZMOD parameters;Ottieni parametri ZMOD
Global Z-Offset load: ignored (working with screen);Caricamento globale Z-Offset: ignorato (lavorando con schermo)
GuppyScreen is not used;GuppyScreen non utilizzato
has detected that the filament has run out, please load it and press RESUME;Ha rilevato che il filamento è terminato, caricarlo e premere RESUME
Heating bed and extruder.;Riscaldamento del piatto ed estrusore
Helper;Assistente
https://wiki.zmod.link/FAQ/;https://wiki.zmod.link/FAQ/
Image saved: {png_out_path}. Configuration -> mod_data;Immagine salvata: {png_out_path}. Configurazione -> mod_data
In Orca. Printer profile -> Extruder 1 -> Z Hop Type. Set Normal or Sloped.;In Orca: Profilo stampante -> Estrusore 1 -> Tipo Z Hop. Imposta Normale o Inclinato.
In Orca: Printer Profile -> Extruder 1 -> Z Hop Type -> Set to Normal or Sloped;Mantenere istruzioni precedenti
Input shaper calibration;Calibrazione dello shaper di ingresso
Interrupted print detected;Stampa interrotta rilevata
is not hot enough;non è abbastanza caldo
KAMP: disabled;KAMP: disabilitato
KAMP: enabled;KAMP: abilitato
KAMP started SKIP_LEVELING={skip_leveling} FORCE_KAMP={force_kamp};KAMP avviato SKIP_LEVELING={skip_leveling} FORCE_KAMP={force_kamp}
Klipper process priority (1-min, 40-max): {znice};Priorità processo Klipper (1-min, 40-max): {znice}
LED brightness at power on: {zled};Luminosità LED all'accensione: {zled}
Left;Sinistra
Linear move with gcode state save/restore;Movimento lineare con salvataggio/ripristino dello stato gcode
LINE_PURGE forced;LINE_PURGE forzato
Load bed mesh: {mesh};Carica griglia del piatto: {mesh}
Load cell reset error. Read FAQ: https://wiki.zmod.link/FAQ/;Errore di reset della cella di carico. Leggi FAQ: https://wiki.zmod.link/FAQ/
Load cell reset successful. Weight: {we};Reset della cella di carico riuscito. Peso: {we}
Load cell triggered! Make sure the bed is clean!;Cella di carico attivata! Assicurati che il piatto sia pulito!
Loaded offset from global settings %s=%.4f;Offset caricato dalle impostazioni globali %s=%.4f
Loading filament at {extruder_temp} for {extrude_len}mm at {speed/60} mm/s;Caricamento del filamento a {extruder_temp} per {extrude_len}mm a {speed/60} mm/s
Loading GuppyScreen;Caricamento di GuppyScreen
Loading skew_profile;Caricamento di skew_profile
Load Z-Offset from global settings;Carica Z-Offset dalle impostazioni globali
Load;Carica
Maintain frequency for vibration diagnostics;Mantieni la frequenza per la diagnosi delle vibrazioni
Manual filament loading / change;Caricamento/cambio manuale del filamento
Material selection for loading;Selezione materiale per il caricamento
Material selection;Selezione materiale
Maximum map: %.3f mm | Last probe: %.3f mm;Massimo: %.3f mm | Ultima sonda: %.3f mm
MD5 check failed. Print canceled.;Verifica MD5 fallita. Stampa annullata.
MD5 check started;Verifica MD5 avviata
MD5: disabled;MD5: disabilitato
MD5: enabled;MD5: abilitato
Minimum map: %.3f mm | Delta: %.3f mm;Minimo: %.3f mm | Delta: %.3f mm
Moonlight sonata;Sonata al chiaro di luna
Motors disabled;Motori disabilitati
moved to;spostato verso
Moving head to far right corner;Spostamento della testa nell'angolo destro lontano
Mute sound;Silenzia audio
Native screen disabled;Schermo nativo disabilitato
Near;Vicino
No need for leveling. Loaded profile: {cur_mesh};Nessun bisogno di livellamento. Profilo caricato: {cur_mesh}
Nozzle cleaning;Pulizia dell'ugello
Nozzle line purge disabled. DISABLE_PRIMING={disable_priming};Purga della linea dell'ugello disabilitata. DISABLE_PRIMING={disable_priming}
Nozzle line purge;Purga della linea dell'ugello
Nozzle pre-cleaning;Pre-pulizia dell'ugello
Nozzle priming: disabled;Purga dell'ugello: disabilitata
Nozzle priming: enabled;Purga dell'ugello: abilitata
Nozzle temperature {extruder_temp};Temperatura ugello {extruder_temp}
OK;OK
OK: Probe within mesh extremes;OK: Sonda entro gli estremi della griglia
OK;OK
OS check;Verifica sistema operativo
Override to get pause_next_layer and pause_at_layer functions;Sovrascrivi per ottenere le funzioni pause_next_layer e pause_at_layer
Parameters used at print end and cancellation [END_PRINT];Parametri usati alla fine e annullamento della stampa [END_PRINT]
Parameters used at print start and bed leveling [START_PRINT];Parametri usati all'inizio e livellamento del piatto [START_PRINT]
Parameter;Parametro
Pause and filament change;Pausa e cambio filamento
Paused: {filename}, print recovery impossible;In pausa: {filename}, recupero impossibile
Pause print;Metti in pausa la stampa
Pause the actual running print;Metti in pausa la stampa in corso
Play MIDI at power on: {zmidi_on};Riproduci MIDI all'accensione: {zmidi_on}
Play MIDI at print end: {zmidi_end};Riproduci MIDI alla fine della stampa: {zmidi_end}
Play MIDI file;Riproduci file MIDI
Play MIDI on print pause: {zmidi_pause};Riproduci MIDI durante la pausa: {zmidi_pause}
Play MIDI on print start: {zmidi_start};Riproduci MIDI all'inizio della stampa: {zmidi_start}
Play tone;Riproduci tono
please heat it up and press RESUME again;riscaldalo e premi nuovamente RESUME
Possible wrong profile loaded (different plate/temperature);Possibile profilo errato caricato (piatto/temperatura diversi)
Power off FF5M Pro after (min): {zpro_poweroff_timeout};Spegni FF5M Pro dopo (min): {zpro_poweroff_timeout}
Power off printer;Spegni stampante
Pre-cleaning completed;Pre-pulizia completata
Priming algorithm: {zclear};Algoritmo di purga: {zclear}
Print completed;Stampa completata
Printer screen will freeze until pre-cleaning is complete.;Lo schermo della stampante si bloccherà fino al termine della pre-pulizia.
Printer will boot into stock firmware;La stampante si avvierà nel firmware nativo
Print file from native screen;Stampa file dallo schermo nativo
Print file with bed leveling from native screen;Stampa file con livellamento del piatto dallo schermo nativo
Print file;Stampa file
Printing file {filename} from native screen;Stampa file {filename} dallo schermo nativo
Printing file {filename} with bed leveling from native screen;Stampa file {filename} con livellamento del piatto dallo schermo nativo
Printing file from native screen;Stampa file dallo schermo nativo
Printing file with bed leveling from native screen;Stampa file con livellamento del piatto dallo schermo nativo
Printing in progress. Movement is disabled.;Stampa in corso. Movimento disabilitato.
Printing with bed mesh: {cur_mesh};Stampa con griglia del piatto: {cur_mesh}
Probe sensor {probe};Sensore di sonda {probe}
Profile or mesh matrix not found;Profilo o matrice della griglia non trovati
Pulling the filament;Tirando il filamento
Purge algorithm: {zclear};Algoritmo di purga: {zclear}
Purge code from FF group;Codice di purga dal gruppo FF
Purge code from Orca Slicer;Codice di purga da Orca Slicer
Purge code with cleaner from top-right to bottom;Codice di purga con pulitore dall'alto a destra verso il basso
Purge;Purga
Reboot printer;Riavvia stampante
Reboot to original system (no zmod);Riavvia al sistema originale (senza zmod)
Redirect moonraker and camera to SSH server;Reindirizza moonraker e fotocamera al server SSH
Remove the remaining filament manually;Rimuovi manualmente il filamento rimanente
Remove zmod;Rimuovi zmod
Replace default start G-code;Sostituisci G-code di avvio predefinito
Replace Spiral/Auto Z-Hop. In Orca: Printer Profile -> Extruder 1 -> Z Hop Type -> Set to Normal or Sloped;Sostituisci Spiral/Auto Z-Hop in Orca: Profilo Stampante -> Estrusore 1 -> Tipo Z Hop
Replace Spiral/Auto Z-Hop. Printer doesn't support it.;Sostituisci Spiral/Auto Z-Hop. La stampante non lo supporta.
Requires 256MB RAM + enabled SWAP. !!;Richiede 256MB RAM + SWAP abilitato. !!
Resending cancellation to native screen canceled;Invio dell'annullamento allo schermo nativo annullato
Reset load cell weight;Resetta il peso della cella di carico
Resetting load cell weight;Reset del peso della cella di carico
Restart alternative camera;Riavvia fotocamera alternativa
Restart Guppy;Riavvia Guppy
Restore Z-Offset;Ripristina Z-Offset
Restore;Ripristina
Restoring;Ripristino in corso
Resume interrupted print;Riprendi stampa interrotta
Resume print;Riprendi stampa
Resume the actual running print;Riprendi la stampa in corso
Resume;Riprendi
Resumption interrupted;Ripresa interrotta
Retracts, if the extruder is hot enough;Retrae, se l'estrusore è abbastanza caldo
Right;Destra
Running native nozzle cleaning {extruder_temp}/{bed_temp};Esecuzione pulizia nativa dell'ugello {extruder_temp}/{bed_temp}
Save data for print recovery;Salva dati per il recupero della stampa
Saved data deleted;Dati salvati eliminati
Save Fluidd/Mainsail button changes;Salva modifiche ai pulsanti di Fluidd/Mainsail
Save parameters without stock screen freeze;Salva parametri senza bloccare lo schermo nativo
Save ZMOD parameters;Salva parametri ZMOD
Save Z-Offset;Salva Z-Offset
Saving controlled by native screen;Salvataggio controllato dallo schermo nativo
Schreider purge code from top-right to bottom;Codice di purga Schreider dall'alto a destra verso il basso
Select action;Seleziona azione
Select material to clean the nozzle;Seleziona materiale per pulire l'ugello
Select material to load;Seleziona materiale da caricare
Set 1/4->1/2->1 speed for 60s on print resume;Imposta velocità 1/4->1/2->1 per 60s alla ripresa della stampa
Set date and time (format: 2024.01.01-00:00:00);Imposta data e ora (formato: 2024.01.01-00:00:00)
Setting Z-Offset {zoffset}, SKIP_ZOFFSET={skip_zoffset};Impostazione Z-Offset {zoffset}, SKIP_ZOFFSET={skip_zoffset}
Shutdown printer?;Spegnere la stampante?
SKEW correction disabled;Correzione SKEW disabilitata
SKEW correction enabled. Profile skew_profile;Correzione SKEW abilitata. Profilo skew_profile
SKEW: disabled;SKEW: disabilitato
SKEW: enabled;SKEW: abilitato
Skip bed leveling: disabled;Salta livellamento del piatto: disabilitato
Skip bed leveling: enabled;Salta livellamento del piatto: abilitato
Skipping bed leveling. SKIP_LEVELING={skip_leveling};Saltando il livellamento del piatto. SKIP_LEVELING={skip_leveling}
SSH restart;Riavvio SSH
Started MD5 check {filename};Avviata verifica MD5 {filename}
Start fluidd/mainsail and moonraker after STOP_ZMOD;Avvia fluidd/mainsail e moonraker dopo STOP_ZMOD
Start of cleaning Z={zprobe+0.15};Inizio pulizia Z={zprobe+0.15}
Start SSH if not running;Avvia SSH se non in esecuzione
Status: {state};Stato: {state}
Stop fluidd/mainsail and moonraker;Ferma fluidd/mainsail e moonraker
SWAP not used;SWAP non utilizzato
SWAP used on EMMC;SWAP utilizzato su EMMC
SWAP used on USB FLASH;SWAP utilizzato su USB FLASH
Switch to console to view recovery stages;Passa alla console per visualizzare le fasi di recupero
Switch web interface (fluidd/mainsail);Cambia interfaccia web (fluidd/mainsail)
System-wide parameters;Parametri di sistema
temperature to;temperatura a
Temporary ZMOD disable;Disabilitazione temporanea di ZMOD
Test bed mesh before printing;Testa la griglia del piatto prima della stampa
Test bed mesh before printing + KAMP;Testa la griglia del piatto prima della stampa + KAMP
Test EMMC;Testa EMMC
The printer was not homed (G28);La stampante non è stata azzerata (G28)
This will take some time (3-5 minutes);Ci vorrà del tempo (3-5 minuti)
Timezone change;Cambio fuso orario
triggered;attivato
Trying to load bed mesh: {mesh};Tentativo di caricare la griglia del piatto: {mesh}
Turn off native screen after (sec): {zdisplay_off_timeout};Spegni schermo nativo dopo (sec): {zdisplay_off_timeout}
Unload;Scarica
Update MCU;Aggiorna MCU
Update printer via USB;Aggiorna stampante tramite USB
Use adaptive mesh (KAMP) where possible instead of full bed mesh;Usa griglia adattiva (KAMP) dove possibile invece di griglia completa
Use alternative camera;Usa fotocamera alternativa
Use alternative NEW_SAVE_CONFIG;Usa NEW_SAVE_CONFIG alternativo
Use bed leveling mode from native screen.;Usa modalità livellamento del piatto dallo schermo nativo.
Use Fluidd/Mainsail button settings from ZMOD;Usa impostazioni pulsanti Fluidd/Mainsail da ZMOD
Use nozzle pre-purge;Usa pre-purga dell'ugello
Use SCV = 5 for shaper graphs;Usa SCV = 5 per grafici dello shaper
Use SCV from config for shaper graphs;Usa SCV dalla configurazione per grafici dello shaper
Use standard SAVE_CONFIG;Usa SAVE_CONFIG standard
Use Z-Offset loading from global parameters to control Z-Offset with GuppyScreen;Usa caricamento Z-Offset dai parametri globali per controllare Z-Offset con GuppyScreen
Use;Usa
Using BED_MESH_CALIBRATE;Usando BED_MESH_CALIBRATE
Using filament motion sensor;Usando sensore di movimento del filamento
Using filament presence sensor;Usando sensore di presenza del filamento
Using global Z-Offset control. SKIP_ZOFFSET and Z_OFFSET parameters ignored;Usando controllo globale Z-Offset. Parametri SKIP_ZOFFSET e Z_OFFSET ignorati
Using KAMP from global settings.;Usando KAMP dalle impostazioni globali.
Using KAMP;Usando KAMP
Using Klipper 13;Usando Klipper 13
Using native Klipper;Usando Klipper nativo
Wait 10 seconds and power on again. MCU update will begin.;Aspetta 10 secondi e riavvia. L'aggiornamento MCU inizierà.
Wait for the music and power off the printer.;Aspetta la musica e spegni la stampante.
Waiting for check to complete;In attesa del completamento della verifica
Waiting for nozzle to heat up to {extruder_temp};In attesa del riscaldamento dell'ugello a {extruder_temp}
WARNING: Bed mesh not loaded!;ATTENZIONE: Griglia del piatto non caricata!
WARNING: Last probe ABOVE mesh maximum by %.3f mm!;ATTENZIONE: Ultima sonda SOPRA il massimo della griglia di %.3f mm!
WARNING: Last probe BELOW mesh minimum by %.3f mm!;ATTENZIONE: Ultima sonda SOTTO il minimo della griglia di %.3f mm!
Weight at error: {we};Peso all'errore: {we}
Work completed;Lavoro completato
Yes;Si
You are NOT using native screen;Non stai usando lo schermo nativo
You are using KAMP. Recommended to use LINE_PURGE:;Stai usando KAMP. Consigliato usare LINE_PURGE:
You are using native screen // DISPLAY_ON;Stai usando lo schermo nativo // DISPLAY_ON
You are using native screen;Stai usando lo schermo nativo
You are working WITHOUT native screen // DISPLAY_OFF GUPPY=0;Stai lavorando SENZA schermo nativo // DISPLAY_OFF GUPPY=0
You are working WITHOUT native screen with GuppyScreen // DISPLAY_OFF GUPPY=1;Stai lavorando SENZA schermo nativo ma CON GuppyScreen // DISPLAY_OFF GUPPY=1
You need to disconnect power cord and then reconnect it;Devi scollegare e ricollegare il cavo di alimentazione
You're using native screen. No need to restart GuppyScreen;Stai usando lo schermo nativo. Non è necessario riavviare GuppyScreen
Zeroing confirmed;Azzeramento confermato
Zeroing not confirmed;Azzeramento non confermato
ZMOD parameters. Set via SAVE_ZMOD_DATA;Parametri ZMOD. Impostati tramite SAVE_ZMOD_DATA
Z-Offset setup skipped, SKIP_ZOFFSET={skip_zoffset};Impostazione Z-Offset saltata, SKIP_ZOFFSET={skip_zoffset}
Available languages;Lingue disponibili
Restore backup config files from archive;Ripristina i file di configurazione di backup dall'archivio
To restore the config, copy to 'Configuration' -> 'mod_data' -> config.tar.gz and call RESTORE_TAR_CONFIG;Per ripristinare la configurazione, copia in 'Configurazione' -> 'mod_data' -> config.tar.gz e chiama RESTORE_TAR_CONFIG
Set LED;Imposta LED
Don't hide color selection when printing starts;Non nascondere la selezione colore all'avvio della stampa
Hide color selection, print with IFS;Nascondi la selezione colore, stampa con IFS
Hide color selection, print without IFS;Nascondi la selezione colore, stampa senza IFS
Cutting the filament;Tagliare il filamento
Cleaning the nozzle on rubber;Pulire l'ugello sulla gomma
Loading filament;Caricare il filamento
Unloading filament;Scaricare il filamento
Heating the nozzle to {extruder_temp} degrees;Riscaldare l'ugello a {extruder_temp} gradi
Drop filament {filament_drop_length} + {filament_drop_length_add}. Speed {filament_extruder_speed};Depositare il filamento {filament_drop_length} + {filament_drop_length_add}. Velocità {filament_extruder_speed}
Go to trash;Andare al cestino
Use RESUME_MOTION_SENSOR to resume printing after the filament in the extruder runs out.;Utilizzate RESUME_MOTION_SENSOR per riprendere la stampa dopo che il filamento nell'estrusore si esaurisce.
Purge filament;Spurgare il filamento
Insert rod automatically;Caricare filamento automaticamente
Don't Insert rod automatically;Non caricare filamento automaticamente
Extracting filament from the extruder;Estrarre il filamento dall'estrusore
Use trash when printing;Utilizzare il contenitore di spurgo durante la stampa
Don't Use trash when printing;Non utilizzare il contenitore di spurgo durante la stampa
Waiting for temperature normalization. Bed: {bed_temp-3}-{bed_temp+4}. Extruder: {extruder_temp-2}-{extruder_temp+4};In attesa della normalizzazione della temperatura. Letto: {bed_temp-3}-{bed_temp+4}. Estrusore: {extruder_temp-2}-{extruder_temp+4}
If it takes a long time, calibrate the PID of the extruder and bed;Se richiede molto tempo, calibrare il PID dell'estrusore e del letto
Temperature normalization completed;Normalizzazione della temperatura completata
Don't remove the filament after printing is completed;Non rimuovere il filamento dopo la stampa
Remove filament after printing is complete;Rimuovere il filamento dopo la stampa
Is the alternate screen taking a long time to load? Reduce the default screen's load time.;Lo schermo alternativo impiega molto tempo a caricarsi? Riduci il tempo di caricamento dello schermo predefinito.
Tired of problems with WiFi, let zmod manage it.;Stanco dei problemi con il WiFi? Lascia che zmod lo gestisca.
Incorrect start code START_PRINT EXTRUDER_TEMP BED_TEMP must be written in one line !!;Codice di avvio errato START_PRINT EXTRUDER_TEMP BED_TEMP deve essere scritto su una riga !!
Don't forget to turn off the camera on your printer's native screen.;Non dimenticare di spegnere la telecamera sullo schermo nativo della stampante.
START_PRINT has finished its work.;START_PRINT ha terminato il suo lavoro.
Incorrect MCU version. Need run UPDATE_MCU FORCE=13;Versione MCU non corretta. Eseguire UPDATE_MCU FORCE=13
Incorrect ZLINK data. Register your printer on the http://zlink.info and receive a ZLINK string.;Dati ZLINK non corretti. Registra la tua stampante su http://zlink.info e ricevi una stringa ZLINK.
Use LOAD_ZOFFSET_NATIVE to copy the Z-Offset from the native screen.;Usa LOAD_ZOFFSET_NATIVE per copiare lo Z-Offset dallo schermo nativo.
Turn on NOZZLE_CONTROL to control the nozzle impact on the table;Attiva NOZZLE_CONTROL per controllare l'impatto dell'ugello sul tavolo
Loading a similar rod from coil;Caricamento filamento simile dalla bobina
Use SAVE_ZMOD_DATA MESH_TEST=2 to automatically launch KAMP if an error occurs;Usa SAVE_ZMOD_DATA MESH_TEST=2 per avviare automaticamente KAMP in caso di errore
If any parameters were changed, it is recommended to reboot the printer;Se sono stati modificati dei parametri, si consiglia di riavviare la stampante
Initial setting;Impostazione iniziale
You can browse and change global parameters if necessary. https://wiki.zmod.link/Global/;Puoi visualizzare e modificare i parametri globali se necessario. https://wiki.zmod.link/Global/
Enable the recommendations plugin? It allows you to configure basic settings with one click.;Abilitare il plugin delle raccomandazioni? Permette di configurare le impostazioni di base con un clic.
Next;Avanti
Z-Offset loaded from native screen;Z-Offset caricato dallo schermo nativo
Did you know that you can access your printer remotely using zmod.link?;Sapevi che puoi accedere alla tua stampante in remoto usando zmod.link?
Do not save the state of filament sensors;Non salvare lo stato dei sensori del filamento
Save the state of filament sensors;Salvare lo stato dei sensori del filamento
Z-Offset saved in global settings;Z-Offset salvato nelle impostazioni globali
Z-Offset saved in the native screen;Z-Offset salvato nello schermo nativo
Setting Z-Offset {zoffset};Impostazione Z-Offset {zoffset}
Using global Z-Offset control. Z_OFFSET parameter ignored;Utilizzo del controllo Z-Offset globale. Il parametro Z_OFFSET viene ignorato
Z-Offset setup skipped;Impostazione Z-Offset saltata
The printer has started printing the file;La stampante ha iniziato a stampare il file
The printer has finished printing the file;La stampante ha terminato di stampare il file
Error;Errore
Printing canceled;Stampa annullata
Pause;Pausa
Resume printing;Riprendi stampa
Moving the bed down 5 mm;Abbassamento del letto di 5 mm
Start printer;Stampante accesa
Native Screen;Schermo nativo
Loading a similar rod for the tool;Caricamento filamento simile per lo strumento
this cleanup macro does NOT exist. LINE_PURGE is used;questa macro di pulizia NON esiste. Viene utilizzato LINE_PURGE
Available macros;Macro disponibili
Add the {macro_name|upper} macro to mod_data/user.cfg or disable the use of the cleanup line // SAVE_ZMOD_DATA DISABLE_PRIMING=1;Aggiungi la macro {macro_name|upper} a mod_data/user.cfg o disabilita l'uso della linea di pulizia // SAVE_ZMOD_DATA DISABLE_PRIMING=1
Pause: Restore: {restore}, Temp: {temp}/{heater_bed_temp};Pausa: Ripristina: {restore}, Temp: {temp}/{heater_bed_temp}
Resume: Restore: {last_extruder_temp.restore}, Temp: {last_extruder_temp.temp}/{last_extruder_temp.heater_bed_temp}, Status: {printer.idle_timeout.state | upper};Riprendi: Ripristina: {last_extruder_temp.restore}, Temp: {last_extruder_temp.temp}/{last_extruder_temp.heater_bed_temp}, Stato: {printer.idle_timeout.state | upper}
WARNING: Last probe MORE saved by %.4f mm!;ATTENZIONE: L'ultima sonda SUPERI il valore salvato di %.4f mm!
Use SAVE_ZMOD_DATA MESH_TEST=%d to automatically launch KAMP if an error occurs;Usa SAVE_ZMOD_DATA MESH_TEST=%d per avviare automaticamente KAMP in caso di errore
AutoZOffset: on // See https://wiki.zmod.link/Global/ mesh_test;AutoZOffset: attivo // See https://wiki.zmod.link/Global/ mesh_test
AutoZOffset: off // See https://wiki.zmod.link/Global/ mesh_test;AutoZOffset: disattivo // See https://wiki.zmod.link/Global/ mesh_test
Photo;Foto
There will be a SCHEDULED reboot now;Ci sarà un riavvio programmato PROGRAMMATO ora
Parameters used in color selection menu;Parametri utilizzati nel menu di selezione colore
Show {zallowed_tool_count} colors;Mostra {zallowed_tool_count} colori
Show {zallowed_tool_count} colors when file colors cannot be scanned;Mostra {zallowed_tool_count} colori quando non è possibile scansionare i colori del file
Don't scan files for color / material data;Non scansionare i file per dati colore / materiale
Check files for pre-prepared color / material data only;Controlla solo i dati colore / materiale pre-preparati nei file
Scan files for color / material data;Scansiona i file per dati colore / materiale
Do not auto-assign colors;Non assegnare automaticamente i colori
Auto-assign colors if file colors successfully scanned;Assegna auto i colori se i colori del file sono scansionati con successo
Auto-assign colors if file colors successfully scanned, halt silent mode print on serious auto-assignment errors;Assegna auto se successo, arresta stampa in modo silenzioso su errori gravi di assegnazione
Auto-assign colors if file colors successfully scanned, halt silent mode print on any auto-assignment errors;Assegna auto se successo, arresta stampa in modo silenzioso su qualsiasi errore di assegnazione
Auto-assign colors if file colors successfully scanned, halt silent mode print on some auto-assignment errors;Assegna auto se successo, arresta stampa in modo silenzioso su alcuni errori di assegnazione
Display zero-based tool indexes (T0, T1, etc);Mostra indici strumenti basati su zero (T0, T1, ecc.)
Display one-based tool indexes (Color 1, Color 2, etc);Mostra indici strumenti basati su uno (Color 1, Color 2, ecc.)
Skip color change process if old and new color are the same physical IFS channel;Salta il cambio colore se il vecchio e il nuovo colore sono lo stesso canale fisico IFS
Do not skip color change process when old and new color are the same physical IFS channel;Non saltare il cambio colore se il vecchio e il nuovo colore sono lo stesso canale fisico IFS
Don't scan files for color data;Non scansionare i file per dati colore
Load pre-prepared color data only;Carica solo dati colore pre-preparati
Scan files for color data;Scansiona i file per dati colore
Auto-assign colors, silent mode halts on any error;Assegnazione automatica, modo silenzioso si arresta su ogni errore
Auto-assign colors, silent mode halts on major error;Assegnazione automatica, modo silenzioso si arresta su errore grave
Auto-assign colors;Assegna automaticamente i colori
Auto-assign colors, silent mode halts on some errors;Assegnazione automatica, modo silenzioso si arresta su alcuni errori
unknown value:;valore sconosciuto:
Unrecognized value for setting:;Valore non riconosciuto per l'impostazione:
custom value:;valore personalizzato:
Parameters used during printing;Parametri utilizzati durante la stampa
