action:prompt_begin Resumption interrupted !!!;action:prompt_begin Retomada interrompida !!!
action:prompt_begin This is a test macro;action:prompt_begin Isto é um macro de teste
action:prompt_text Add _GUPPY_MACRO to mod_data/user.cfg;action:prompt_text Adicione _GUPPY_MACRO a mod_data/user.cfg
action:prompt_text Example of _GUPPY_MACRO is in mod/base.cfg;action:prompt_text Exemplo de _GUPPY_MACRO está em mod/base.cfg
Adaptive bed;Mesa adaptativa
After clicking OK the printer will be powered off;Após clicar OK a impressora será desligada
After macro execution press Ctrl + F5;Após execução do macro pressione Ctrl + F5
Algorithm: {zclear};Algoritmo: {zclear}
Allow Chinese clouds;Permitir nuvens chinesas
All START_PRINT parameters for bed leveling are ignored;Todos os parâmetros START_PRINT para nivelamento são ignorados
Auto close dialogs on native screen after 20 sec (fast);Fechar automaticamente diálogos no ecrã nativo após 20 seg (rápido)
Auto close dialogs on native screen after 20 sec (slow);Fechar automaticamente diálogos no ecrã nativo após 20 seg (lento)
Auto disable motors after print/cancel in 25 sec;Desativar automaticamente motores após impressão/cancelamento em 25 seg
Automatic printer shutdown in {zpro_poweroff_timeout} min;Desligamento automático da impressora em {zpro_poweroff_timeout} min
Automatic reboot in 1.5 minutes;Reinício automático em 1,5 minutos
Auto reboot printer after 1.5 minutes;Reiniciar automaticamente impressora após 1,5 minutos
Auto restart firmware after 1.5 minutes;Reiniciar automaticamente firmware após 1,5 minutos
Backup config files to archive;Criar backup dos ficheiros de configuração para arquivo
Bed calibration. Profile {profile}. Extruder temp: {extruder_temp} / Bed temp: {bed_temp};Calibração da mesa. Perfil {profile}. Temp extrusor: {extruder_temp} / Temp mesa: {bed_temp}
Bed calibration without temperature off;Calibração da mesa sem temperatura desligada
Bed calibration with temperature off;Calibração da mesa com temperatura desligada
Bed mesh {mesh} loaded;Malha da mesa {mesh} carregada
Bed mesh {mesh} not found. Loaded auto profile;Malha da mesa {mesh} não encontrada. Perfil automático carregado
Bed mesh {mesh} not found. Loaded MESH_DATA profile;Malha da mesa {mesh} não encontrada. Perfil MESH_DATA carregado
Bed PID calibration;Calibração PID da mesa
Bed screw calibration;Calibração dos parafusos da mesa
Bed temperature: {bed_temp};Temperatura da mesa: {bed_temp}
Before measurements, don't forget to clean the nozzle with CLEAR_NOZZLE macro;Antes das medições, não se esqueça de limpar o nozzle com o macro CLEAR_NOZZLE
Block Chinese clouds;Bloquear nuvens chinesas
Build bed mesh on each print.;Construir malha da mesa em cada impressão.
Build bed mesh with native screen on each print.;Construir malha da mesa com ecrã nativo em cada impressão.
Building auto mesh (no loaded profile);Construindo malha automática (nenhum perfil carregado)
Building bed mesh on each print.;Construindo malha da mesa em cada impressão.
Building bed mesh with native screen on each print.;Construindo malha da mesa com ecrã nativo em cada impressão.
Building default mesh (FORCE_LEVELING={force_leveling});Construindo malha padrão (FORCE_LEVELING={force_leveling})
Building full bed mesh.;Construindo malha completa da mesa.
Building {mesh} mesh (not found). Save it AFTER print!;Construindo malha {mesh} (não encontrada). Salve APÓS a impressão!
Cancellation sent to native screen;Cancelamento enviado para o ecrã nativo
Cancel print;Cancelar impressão
Cancel the actual running print;Cancelar a impressão atual em execução
Cancel;Cancelar
Check file MD5 checksum;Verificar checksum MD5 do ficheiro
Check {iter+1}. {clp}. Weight: {we};Verificar {iter+1}. {clp}. Peso: {we}
Check memory usage;Verificar uso de memória
Check time;Verificar tempo
Clear EMMC;Limpar EMMC
Close dialogs on stock screen (fast);Fechar diálogos no ecrã original (rápido)
Close dialogs on stock screen (slow);Fechar diálogos no ecrã original (lento)
Closing dialog windows on native screen (fast);Fechando janelas de diálogo no ecrã nativo (rápido)
Closing dialog windows on native screen (slow);Fechando janelas de diálogo no ecrã nativo (lento)
Cold pull (nozzle cleaning) gently;Cold pull (limpeza do nozzle) suavemente
Collecting X axis data;Coletando dados do eixo X
Collecting Y axis data;Coletando dados do eixo Y
Compare grid extremes with last probe;Comparar extremos da grelha com última sonda
Cooling down to {cold_temp}°C;Arrefecendo para {cold_temp}°C
CoreXY half-axis test for belt frequency analysis;Teste de meio-eixo CoreXY para análise de frequência de correias
Currently printing: {filename} ({progress | round(1)}%), print recovery impossible;Imprimindo atualmente: {filename} ({progress | round(1)}%), recuperação impossível
Current profile:;Perfil atual:
Custom Guppy button;Botão Guppy personalizado
Delete data;Eliminar dados
Detect part detachment or nozzle hit;Detetar descolamento de peça ou impacto no nozzle
Did you know you can enable KAMP globally?;Sabia que pode ativar o KAMP globalmente?
Disable alternative camera;Desativar câmara alternativa
Disable backlight;Desativar luz de fundo
Disable camera on printer screen;Desativar câmara no ecrã da impressora
Disable check with: MESH;Desativar verificação com: MESH
Disable circulation;Desativar circulação
Disable filament sensor on native screen;Desativar sensor de filamento no ecrã nativo
Disable heating and cooler;Desativar aquecimento e arrefecimento
Disable nozzle line purge;Desativar purga de linha do nozzle
Disable SSH port forwarding;Desativar reencaminhamento de porta SSH
Disable stock screen;Desativar ecrã original
Do not disable display if you don't fully understand bed leveling, Z-Offset and START_PRINT/END_PRINT macros;Não desative o display se não compreender totalmente nivelamento da mesa, Z-Offset e macros START_PRINT/END_PRINT
Don't build bed mesh on each print.;Não construir malha da mesa em cada impressão.
Don't check file MD5 checksum;Não verificar checksum MD5 do ficheiro
Don't close dialogs on native screen;Não fechar diálogos no ecrã nativo
Don't disable motors automatically after print/cancel;Não desativar motores automaticamente após impressão/cancelamento
Don't fix E0011 error;Não corrigir erro E0011
Don't fix E0017 error;Não corrigir erro E0017
Don't load Z-Offset from global settings;Não carregar Z-Offset das definições globais
Don't reboot printer automatically;Não reiniciar impressora automaticamente
Don't save data for print recovery;Não guardar dados para recuperação de impressão
Don't test bed mesh before printing;Não testar malha da mesa antes de imprimir
Don't use KAMP instead of BED_MESH_CALIBRATE;Não usar KAMP em vez de BED_MESH_CALIBRATE
Don't use nozzle pre-purge;Não usar pré-purga do nozzle
Download archive in 'Configuration' -> 'mod_data' -> config.tar;Descarregar arquivo em 'Configuration' -> 'mod_data' -> config.tar
Enable backlight;Ativar luz de fundo
Enable camera on printer screen;Ativar câmara no ecrã da impressora
Enable/disable pause at specific layer;Ativar/desativar pausa em camada específica
Enable external circulation;Ativar circulação externa
Enable internal circulation;Ativar circulação interna
Enable nozzle line purge;Ativar purga de linha do nozzle
Enable pause at next layer;Ativar pausa na próxima camada
Enable stock screen and reboot;Ativar ecrã original e reiniciar
End G-code;G-code de fim
End of cleaning Z={zprobe+0.05};Fim da limpeza Z={zprobe+0.05}
Error: File {filename} not found. Print canceled.;Erro: Ficheiro {filename} não encontrado. Impressão cancelada.
Error: File '{filename}' not specified. Print canceled.;Erro: Ficheiro '{filename}' não especificado. Impressão cancelada.
Error: File '{filename}' was not verified in time. Print canceled.;Erro: Ficheiro '{filename}' não foi verificado a tempo. Impressão cancelada.
Error! Filename not specified.;Erro! Nome do ficheiro não especificado.
Error: {printer.print_stats.message};Erro: {printer.print_stats.message}
Extruder PID calibration;Calibração PID do extrusor
Extruder temperature: {extruder_temp};Temperatura do extrusor: {extruder_temp}
Extrudes, if the extruder is hot enough;Extrusa, se o extrusor estiver suficientemente quente
Extruding 10 cm of filament;Extrusando 10 cm de filamento
Failed to close windows? Use fast close: FAST_CLOSE_DIALOGS;Falha ao fechar janelas? Use fecho rápido: FAST_CLOSE_DIALOGS
Fans control;Controlo de ventoinhas
Far;Longe
Filament change requested. Load new filament and click 'Resume'.;Mudança de filamento solicitada. Carregue novo filamento e clique 'Retomar'.
Filament Change;Mudança de Filamento
Filament change;Mudança de filamento
Filament management;Gestão de filamento
Filament runout detected;Esgotamento de filamento detetado
Filament runout or jam detected;Esgotamento ou bloqueio de filamento detetado
Filament jam detected;Bloqueio de filamento detetado
Filament runout. Pausing in 30 seconds;Esgotamento de filamento. A pausar em 30 segundos
File {filename} contains arc commands (G2, G3). Disable them. In Orca: Process Profile -> Arc Approximation -> Uncheck;Ficheiro {filename} contém comandos de arco (G2, G3). Desative-os. No Orca: Process Profile -> Arc Approximation -> Desmarcar
File {filename} has no MD5 checksum. Enable it in Orca. https://wiki.zmod.link/Recomendations/;Ficheiro {filename} não tem checksum MD5. Ative no Orca. https://wiki.zmod.link/Recomendations/
File {filename} MD5 mismatch. File deleted. Print canceled;Ficheiro {filename} MD5 incorreto. Ficheiro eliminado. Impressão cancelada
File {filename} MD5 mismatch. Print canceled;Ficheiro {filename} MD5 incorreto. Impressão cancelada
File {filename} uses unsupported G17/G18/G19 commands. Replace Z-Hop type.;Ficheiro {filename} usa comandos G17/G18/G19 não suportados. Substitua o tipo Z-Hop.
File {filename} verified successfully. MD5 checksum matches.;Ficheiro {filename} verificado com sucesso. Checksum MD5 corresponde.
File MD5 sum check;Verificação de soma MD5 do ficheiro
Final test;Teste final
Fix E0011 error;Corrigir erro E0011
Fix E0017 error;Corrigir erro E0017
Flashing MCU with original version for native Klipper;A gravar MCU com versão original para Klipper nativo
Forced bed leveling: disabled;Nivelamento forçado da mesa: desativado
Forced bed leveling: enabled;Nivelamento forçado da mesa: ativado
Generating belts frequency profile...;A gerar perfil de frequência das correias...
Getting data for KAMP.;A obter dados para KAMP.
Get ZMOD parameters;Obter parâmetros ZMOD
Global Z-Offset load: ignored (working with screen);Carregamento Z-Offset global: ignorado (a trabalhar com ecrã)
GuppyScreen is not used;GuppyScreen não está a ser usado
has detected that the filament has run out, please load it and press RESUME;detetou que o filamento acabou, por favor carregue e pressione RETOMAR
Heating bed and extruder.;A aquecer mesa e extrusor.
Helper;Auxiliar
https://wiki.zmod.link/FAQ/;https://wiki.zmod.link/FAQ/
Image saved: {png_out_path}. Configuration -> mod_data;Imagem guardada: {png_out_path}. Configuration -> mod_data
In Orca. Printer profile -> Extruder 1 -> Z Hop Type. Set Normal or Sloped.;No Orca. Printer profile -> Extruder 1 -> Z Hop Type. Defina Normal ou Inclinado.
In Orca: Printer Profile -> Extruder 1 -> Z Hop Type -> Set to Normal or Sloped;No Orca: Printer Profile -> Extruder 1 -> Z Hop Type -> Defina como Normal ou Inclinado
Input shaper calibration;Calibração do input shaper
Interrupted print detected;Impressão interrompida detetada
is not hot enough;não está suficientemente quente
KAMP: disabled;KAMP: desativado
KAMP: enabled;KAMP: ativado
KAMP started SKIP_LEVELING={skip_leveling} FORCE_KAMP={force_kamp};KAMP iniciado SKIP_LEVELING={skip_leveling} FORCE_KAMP={force_kamp}
Klipper process priority (1-min, 40-max): {znice};Prioridade do processo Klipper (1-mín, 40-máx): {znice}
LED brightness at power on: {zled};Brilho LED ao ligar: {zled}
Left;Esquerda
Linear move with gcode state save/restore;Movimento linear com guardar/restaurar estado gcode
LINE_PURGE forced;LINE_PURGE forçado
Load bed mesh: {mesh};Carregar malha da mesa: {mesh}
Load cell reset error. Read FAQ: https://wiki.zmod.link/FAQ/;Erro de reset da célula de carga. Leia FAQ: https://wiki.zmod.link/FAQ/
Load cell reset successful. Weight: {we};Reset da célula de carga bem-sucedido. Peso: {we}
Load cell triggered! Make sure the bed is clean!;Célula de carga acionada! Certifique-se que a mesa está limpa!
Loaded offset from global settings %s=%.4f;Offset carregado das definições globais %s=%.4f
Loading filament at {extruder_temp} for {extrude_len}mm at {speed/60} mm/s;A carregar filamento a {extruder_temp} por {extrude_len}mm a {speed/60} mm/s
Loading GuppyScreen;A carregar GuppyScreen
Loading skew_profile;A carregar skew_profile
Load Z-Offset from global settings;Carregar Z-Offset das definições globais
Load;Carregar
Maintain frequency for vibration diagnostics;Manter frequência para diagnósticos de vibração
Manual filament loading / change;Carregamento/mudança manual de filamento
Material selection for loading;Seleção de material para carregamento
Material selection;Seleção de material
Maximum map: %.3f mm | Last probe: %.3f mm;Mapa máximo: %.3f mm | Última sonda: %.3f mm
MD5 check failed. Print canceled.;Verificação MD5 falhou. Impressão cancelada.
MD5 check started;Verificação MD5 iniciada
MD5: disabled;MD5: desativado
MD5: enabled;MD5: ativado
Minimum map: %.3f mm | Delta: %.3f mm;Mapa mínimo: %.3f mm | Delta: %.3f mm
Moonlight sonata;Sonata ao Luar
Motors disabled;Motores desativados
moved to;movido para
Moving head to far right corner;A mover cabeça para canto direito distante
Mute sound;Silenciar som
Native screen disabled;Ecrã nativo desativado
Near;Perto
No need for leveling. Loaded profile: {cur_mesh};Sem necessidade de nivelamento. Perfil carregado: {cur_mesh}
Nozzle cleaning;Limpeza do nozzle
Nozzle line purge disabled. DISABLE_PRIMING={disable_priming};Purga de linha do nozzle desativada. DISABLE_PRIMING={disable_priming}
Nozzle line purge;Purga de linha do nozzle
Nozzle pre-cleaning;Pré-limpeza do nozzle
Nozzle priming: disabled;Priming do nozzle: desativado
Nozzle priming: enabled;Priming do nozzle: ativado
Nozzle temperature {extruder_temp};Temperatura do nozzle {extruder_temp}
OK;OK
OK: Probe within mesh extremes;OK: Sonda dentro dos extremos da malha
OK;OK
OS check;Verificação do SO
Override to get pause_next_layer and pause_at_layer functions;Substituir para obter funções pause_next_layer e pause_at_layer
Parameters used at print end and cancellation [END_PRINT];Parâmetros usados no fim da impressão e cancelamento [END_PRINT]
Parameters used at print start and bed leveling [START_PRINT];Parâmetros usados no início da impressão e nivelamento [START_PRINT]
Parameter;Parâmetro
Pause and filament change;Pausa e mudança de filamento
Paused: {filename}, print recovery impossible;Em pausa: {filename}, recuperação impossível
Pause print;Pausar impressão
Pause the actual running print;Pausar a impressão atual em execução
Play MIDI at power on: {zmidi_on};Tocar MIDI ao ligar: {zmidi_on}
Play MIDI at print end: {zmidi_end};Tocar MIDI no fim da impressão: {zmidi_end}
Play MIDI file;Tocar ficheiro MIDI
Play MIDI on print pause: {zmidi_pause};Tocar MIDI na pausa da impressão: {zmidi_pause}
Play MIDI on print start: {zmidi_start};Tocar MIDI no início da impressão: {zmidi_start}
Play tone;Tocar tom
please heat it up and press RESUME again;por favor aqueça e pressione RETOMAR novamente
Possible wrong profile loaded (different plate/temperature);Possível perfil errado carregado (placa/temperatura diferente)
Power off FF5M Pro after (min): {zpro_poweroff_timeout};Desligar FF5M Pro após (min): {zpro_poweroff_timeout}
Power off printer;Desligar impressora
Pre-cleaning completed;Pré-limpeza concluída
Priming algorithm: {zclear};Algoritmo de priming: {zclear}
Print completed;Impressão concluída
Printer screen will freeze until pre-cleaning is complete.;O ecrã da impressora irá congelar até a pré-limpeza estar completa.
Printer will boot into stock firmware;A impressora irá iniciar com firmware original
Print file from native screen;Imprimir ficheiro do ecrã nativo
Print file with bed leveling from native screen;Imprimir ficheiro com nivelamento do ecrã nativo
Print file;Imprimir ficheiro
Printing file {filename} from native screen;A imprimir ficheiro {filename} do ecrã nativo
Printing file {filename} with bed leveling from native screen;A imprimir ficheiro {filename} com nivelamento do ecrã nativo
Printing file from native screen;A imprimir ficheiro do ecrã nativo
Printing file with bed leveling from native screen;A imprimir ficheiro com nivelamento do ecrã nativo
Printing in progress. Movement is disabled.;Impressão em progresso. Movimento desativado.
Printing with bed mesh: {cur_mesh};A imprimir com malha da mesa: {cur_mesh}
Probe sensor {probe};Sensor de sonda {probe}
Profile or mesh matrix not found;Perfil ou matriz de malha não encontrados
Pulling the filament;A puxar o filamento
Purge algorithm: {zclear};Algoritmo de purga: {zclear}
Purge code from FF group;Código de purga do grupo FF
Purge code from Orca Slicer;Código de purga do Orca Slicer
Purge code with cleaner from top-right to bottom;Código de purga com limpador de cima-direita para baixo
Purge;Purga
Reboot printer;Reiniciar impressora
Reboot to original system (no zmod);Reiniciar para sistema original (sem zmod)
Redirect moonraker and camera to SSH server;Redirecionar moonraker e câmara para servidor SSH
Remove the remaining filament manually;Remover o filamento restante manualmente
Remove zmod;Remover zmod
Replace default start G-code;Substituir G-code de início padrão
Replace Spiral/Auto Z-Hop. In Orca: Printer Profile -> Extruder 1 -> Z Hop Type -> Set to Normal or Sloped;Substituir Spiral/Auto Z-Hop. No Orca: Printer Profile -> Extruder 1 -> Z Hop Type -> Defina como Normal ou Inclinado
Replace Spiral/Auto Z-Hop. Printer doesn't support it.;Substituir Spiral/Auto Z-Hop. A impressora não suporta.
Requires 256MB RAM + enabled SWAP. !!;Requer 256MB RAM + SWAP ativado. !!
Resending cancellation to native screen canceled;Reenvio de cancelamento para ecrã nativo cancelado
Reset load cell weight;Resetar peso da célula de carga
Resetting load cell weight;A resetar peso da célula de carga
Restart alternative camera;Reiniciar câmara alternativa
Restart Guppy;Reiniciar Guppy
Restore Z-Offset;Restaurar Z-Offset
Restore;Restaurar
Restoring;A restaurar
Resume interrupted print;Retomar impressão interrompida
Resume print;Retomar impressão
Resume the actual running print;Retomar a impressão atual em execução
Resume;Retomar
Resumption interrupted;Retoma interrompida
Retracts, if the extruder is hot enough;Retrai, se o extrusor estiver suficientemente quente
Right;Direita
Running native nozzle cleaning {extruder_temp}/{bed_temp};A executar limpeza nativa do nozzle {extruder_temp}/{bed_temp}
Save data for print recovery;Guardar dados para recuperação de impressão
Saved data deleted;Dados guardados eliminados
Save Fluidd/Mainsail button changes;Guardar alterações de botões Fluidd/Mainsail
Save parameters without stock screen freeze;Guardar parâmetros sem congelar ecrã original
Save ZMOD parameters;Guardar parâmetros ZMOD
Save Z-Offset;Guardar Z-Offset
Saving controlled by native screen;A guardar controlado pelo ecrã nativo
Schreider purge code from top-right to bottom;Código de purga Schreider de cima-direita para baixo
Select action;Selecionar ação
Select material to clean the nozzle;Selecionar material para limpar o nozzle
Select material to load;Selecionar material para carregar
Set 1/4->1/2->1 speed for 60s on print resume;Definir velocidade 1/4->1/2->1 por 60s na retoma de impressão
Set date and time (format: 2024.01.01-00:00:00);Definir data e hora (formato: 2024.01.01-00:00:00)
Setting Z-Offset {zoffset}, SKIP_ZOFFSET={skip_zoffset};A definir Z-Offset {zoffset}, SKIP_ZOFFSET={skip_zoffset}
Shutdown printer?;Desligar impressora?
SKEW correction disabled;Correção SKEW desativada
SKEW correction enabled. Profile skew_profile;Correção SKEW ativada. Perfil skew_profile
SKEW: disabled;SKEW: desativado
SKEW: enabled;SKEW: ativado
Skip bed leveling: disabled;Saltar nivelamento da mesa: desativado
Skip bed leveling: enabled;Saltar nivelamento da mesa: ativado
Skipping bed leveling. SKIP_LEVELING={skip_leveling};A saltar nivelamento da mesa. SKIP_LEVELING={skip_leveling}
SSH restart;Reinício SSH
Started MD5 check {filename};Verificação MD5 iniciada {filename}
Start fluidd/mainsail and moonraker after STOP_ZMOD;Iniciar fluidd/mainsail e moonraker após STOP_ZMOD
Start of cleaning Z={zprobe+0.15};Início da limpeza Z={zprobe+0.15}
Start SSH if not running;Iniciar SSH se não estiver a correr
Status: {state};Estado: {state}
Stop fluidd/mainsail and moonraker;Parar fluidd/mainsail e moonraker
SWAP not used;SWAP não usado
SWAP used on EMMC;SWAP usado em EMMC
SWAP used on USB FLASH;SWAP usado em USB FLASH
Switch to console to view recovery stages;Mudar para consola para ver etapas de recuperação
Switch web interface (fluidd/mainsail);Mudar interface web (fluidd/mainsail)
System-wide parameters;Parâmetros globais do sistema
temperature to;temperatura para
Temporary ZMOD disable;Desativar ZMOD temporariamente
Test bed mesh before printing;Testar malha da mesa antes de imprimir
Test bed mesh before printing + KAMP;Testar malha da mesa antes de imprimir + KAMP
Test EMMC;Testar EMMC
The printer was not homed (G28);A impressora não foi homed (G28)
This will take some time (3-5 minutes);Isto irá demorar algum tempo (3-5 minutos)
Timezone change;Mudança de fuso horário
triggered;acionado
Trying to load bed mesh: {mesh};A tentar carregar malha da mesa: {mesh}
Turn off native screen after (sec): {zdisplay_off_timeout};Desligar ecrã nativo após (seg): {zdisplay_off_timeout}
Unload;Descarregar
Update MCU;Atualizar MCU
Update printer via USB;Atualizar impressora via USB
Use adaptive mesh (KAMP) where possible instead of full bed mesh;Usar malha adaptativa (KAMP) onde possível em vez de malha completa
Use alternative camera;Usar câmara alternativa
Use alternative NEW_SAVE_CONFIG;Usar NEW_SAVE_CONFIG alternativo
Use bed leveling mode from native screen.;Usar modo de nivelamento do ecrã nativo.
Use Fluidd/Mainsail button settings from ZMOD;Usar definições de botões Fluidd/Mainsail do ZMOD
Use nozzle pre-purge;Usar pré-purga do nozzle
Use SCV = 5 for shaper graphs;Usar SCV = 5 para gráficos shaper
Use SCV from config for shaper graphs;Usar SCV do config para gráficos shaper
Use standard SAVE_CONFIG;Usar SAVE_CONFIG padrão
Use Z-Offset loading from global parameters to control Z-Offset with GuppyScreen;Usar carregamento Z-Offset de parâmetros globais para controlar Z-Offset com GuppyScreen
Use;Usar
Using BED_MESH_CALIBRATE;A usar BED_MESH_CALIBRATE
Using filament motion sensor;A usar sensor de movimento de filamento
Using filament presence sensor;A usar sensor de presença de filamento
Using global Z-Offset control. SKIP_ZOFFSET and Z_OFFSET parameters ignored;A usar controlo Z-Offset global. Parâmetros SKIP_ZOFFSET e Z_OFFSET ignorados
Using KAMP from global settings.;A usar KAMP das definições globais.
Using KAMP;A usar KAMP
Using Klipper 13;A usar Klipper 13
Using native Klipper;A usar Klipper nativo
Wait 10 seconds and power on again. MCU update will begin.;Aguarde 10 segundos e ligue novamente. Atualização do MCU começará.
Wait for the music and power off the printer.;Aguarde a música e desligue a impressora.
Waiting for check to complete;A aguardar conclusão da verificação
Waiting for nozzle to heat up to {extruder_temp};A aguardar que o nozzle aqueça até {extruder_temp}
WARNING: Bed mesh not loaded!;AVISO: Malha da mesa não carregada!
WARNING: Last probe ABOVE mesh maximum by %.3f mm!;AVISO: Última sonda ACIMA do máximo da malha por %.3f mm!
WARNING: Last probe BELOW mesh minimum by %.3f mm!;AVISO: Última sonda ABAIXO do mínimo da malha por %.3f mm!
Weight at error: {we};Peso no erro: {we}
Work completed;Trabalho concluído
Yes;Sim
You are NOT using native screen;NÃO está a usar ecrã nativo
You are using KAMP. Recommended to use LINE_PURGE:;Está a usar KAMP. Recomendado usar LINE_PURGE:
You are using native screen // DISPLAY_ON;Está a usar ecrã nativo // DISPLAY_ON
You are using native screen;Está a usar ecrã nativo
You are working WITHOUT native screen // DISPLAY_OFF GUPPY=0;Está a trabalhar SEM ecrã nativo // DISPLAY_OFF GUPPY=0
You are working WITHOUT native screen with GuppyScreen // DISPLAY_OFF GUPPY=1;Está a trabalhar SEM ecrã nativo com GuppyScreen // DISPLAY_OFF GUPPY=1
You need to disconnect power cord and then reconnect it;Precisa desligar o cabo de alimentação e depois religá-lo
You're using native screen. No need to restart GuppyScreen;Está a usar ecrã nativo. Sem necessidade de reiniciar GuppyScreen
Zeroing confirmed;Zero confirmado
Zeroing not confirmed;Zero não confirmado
ZMOD parameters. Set via SAVE_ZMOD_DATA;Parâmetros ZMOD. Defina via SAVE_ZMOD_DATA
Z-Offset setup skipped, SKIP_ZOFFSET={skip_zoffset};Configuração Z-Offset ignorada, SKIP_ZOFFSET={skip_zoffset}
Available languages;Idiomas disponíveis
Restore backup config files from archive;Restaurar ficheiros de configuração de backup do arquivo
To restore the config, copy to 'Configuration' -> 'mod_data' -> config.tar.gz and call RESTORE_TAR_CONFIG;Para restaurar o config, copie para 'Configuration' -> 'mod_data' -> config.tar.gz e chame RESTORE_TAR_CONFIG
Set LED;Definir LED
Don't hide color selection when printing starts;Não ocultar seleção de cor quando a impressão inicia
Hide color selection, print with IFS;Ocultar seleção de cor, imprimir com IFS
Hide color selection, print without IFS;Ocultar seleção de cor, imprimir sem IFS
Cutting the filament;Cortar o filamento
Cleaning the nozzle on rubber;Limpar o nozzle na borracha
Loading filament;Carregar filamento
Unloading filament;Descarregar filamento
Heating the nozzle to {extruder_temp} degrees;Aquecer o nozzle a {extruder_temp} graus
Drop filament {filament_drop_length} + {filament_drop_length_add}. Speed {filament_extruder_speed};Libertar filamento {filament_drop_length} + {filament_drop_length_add}. Velocidade {filament_extruder_speed}
Go to trash;Ir para o lixo
Use RESUME_MOTION_SENSOR to resume printing after the filament in the extruder runs out.;Use RESUME_MOTION_SENSOR para retomar impressão após o filamento no extrusor acabar.
Purge filament;Purgar filamento
Insert rod automatically:Inserir haste automaticamente
Don't Insert rod automatically;Não inserir haste automaticamente
Extracting filament from the extruder;Extrair filamento do extrusor
Use trash when printing;Usar lixo ao imprimir
Don't Use trash when printing;Não usar lixo ao imprimir
Waiting for temperature normalization. Bed: {bed_temp-3}-{bed_temp+4}. Extruder: {extruder_temp-2}-{extruder_temp+4};A aguardar normalização da temperatura. Mesa: {bed_temp-3}-{bed_temp+4}. Extrusor: {extruder_temp-2}-{extruder_temp+4}
If it takes a long time, calibrate the PID of the extruder and bed;Se demorar muito tempo, calibre o PID do extrusor e da mesa
Temperature normalization completed;Normalização da temperatura concluída
Don't remove the filament after printing is completed;Não remover o filamento após a impressão estar concluída
Remove filament after printing is complete;Remover o filamento após a impressão estar concluída
Is the alternate screen taking a long time to load? Reduce the default screen's load time.;O ecrã alternativo está a demorar muito a carregar? Reduza o tempo de carregamento do ecrã padrão.
Tired of problems with WiFi, let zmod manage it.;Cansado de problemas com WiFi? Deixe o zmod gerir isso.
Incorrect start code START_PRINT EXTRUDER_TEMP BED_TEMP must be written in one line !!;Código de início incorreto START_PRINT EXTRUDER_TEMP BED_TEMP deve ser escrito numa linha !!
Don't forget to turn off the camera on your printer's native screen.;Não se esqueça de desligar a câmara no ecrã nativo da sua impressora.
START_PRINT has finished its work.;START_PRINT terminou o seu trabalho.
Incorrect MCU version. Need run UPDATE_MCU FORCE=13;Versão MCU incorreta. Execute UPDATE_MCU FORCE=13
Incorrect ZLINK data. Register your printer on the http://zlink.info and receive a ZLINK string.;Dados ZLINK incorretos. Registe a sua impressora em http://zlink.info e receba uma string ZLINK.
Use LOAD_ZOFFSET_NATIVE to copy the Z-Offset from the native screen.;Use LOAD_ZOFFSET_NATIVE para copiar o Z-Offset do ecrã nativo.
Turn on NOZZLE_CONTROL to control the nozzle impact on the table;Ligue NOZZLE_CONTROL para controlar o impacto do bico na mesa
Loading a similar rod from coil;A carregar filamento similar da bobina
Use SAVE_ZMOD_DATA MESH_TEST=2 to automatically launch KAMP if an error occurs;Use SAVE_ZMOD_DATA MESH_TEST=2 para iniciar automaticamente o KAMP se ocorrer um erro
If any parameters were changed, it is recommended to reboot the printer;Se algum parâmetro foi alterado, é recomendado reiniciar a impressora
Initial setting;Configuração inicial
You can browse and change global parameters if necessary. https://wiki.zmod.link/Global/;Pode navegar e alterar parâmetros globais se necessário. https://wiki.zmod.link/Global/
Enable the recommendations plugin? It allows you to configure basic settings with one click.;Ativar o plugin de recomendações? Ele permite configurar as definições básicas com um clique.
Next;Próximo
Z-Offset loaded from native screen;Z-Offset carregado do ecrã nativo
Did you know that you can access your printer remotely using zmod.link?;Sabia que pode aceder à sua impressora remotamente usando zmod.link?
Do not save the state of filament sensors;Não guardar o estado dos sensores de filamento
Save the state of filament sensors;Guardar o estado dos sensores de filamento
Z-Offset saved in global settings;Z-Offset guardado nas definições globais
Z-Offset saved in the native screen;Z-Offset guardado no ecrã nativo
Setting Z-Offset {zoffset};A definir Z-Offset {zoffset}
Using global Z-Offset control. Z_OFFSET parameter ignored;A usar controlo global Z-Offset. O parâmetro Z_OFFSET é ignorado
Z-Offset setup skipped;Configuração do Z-Offset ignorada
The printer has started printing the file;A impressora começou a imprimir o ficheiro
The printer has finished printing the file;A impressora terminou de imprimir o ficheiro
Error;Erro
Printing canceled;Impressão cancelada
Pause;Pausa
Resume printing;Retomar impressão
Moving the bed down 5 mm;Abaixar a mesa 5 mm
Start printer;Impressora ligada
Native Screen;Ecrã nativo
Loading a similar rod for the tool;A carregar filamento similar para a ferramenta
this cleanup macro does NOT exist. LINE_PURGE is used;este macro de limpeza NÃO existe. É usado o LINE_PURGE
Available macros;Macros disponíveis
Add the {macro_name|upper} macro to mod_data/user.cfg or disable the use of the cleanup line // SAVE_ZMOD_DATA DISABLE_PRIMING=1;Adicione o macro {macro_name|upper} a mod_data/user.cfg ou desative o uso da linha de limpeza // SAVE_ZMOD_DATA DISABLE_PRIMING=1
Pause: Restore: {restore}, Temp: {temp}/{heater_bed_temp};Pausa: Restaurar: {restore}, Temp: {temp}/{heater_bed_temp}
Resume: Restore: {last_extruder_temp.restore}, Temp: {last_extruder_temp.temp}/{last_extruder_temp.heater_bed_temp}, Status: {printer.idle_timeout.state | upper};Retomar: Restaurar: {last_extruder_temp.restore}, Temp: {last_extruder_temp.temp}/{last_extruder_temp.heater_bed_temp}, Estado: {printer.idle_timeout.state | upper}
WARNING: Last probe MORE saved by %.4f mm!;AVISO: A última sonda EXCEDE o valor guardado em %.4f mm!
Use SAVE_ZMOD_DATA MESH_TEST=%d to automatically launch KAMP if an error occurs;Use SAVE_ZMOD_DATA MESH_TEST=%d para iniciar automaticamente o KAMP se ocorrer um erro
AutoZOffset: on // See https://wiki.zmod.link/Global/ mesh_test;AutoZOffset: ligado // See https://wiki.zmod.link/Global/ mesh_test
AutoZOffset: off // See https://wiki.zmod.link/Global/ mesh_test;AutoZOffset: desligado // See https://wiki.zmod.link/Global/ mesh_test
Photo;Foto
There will be a SCHEDULED reboot now;Haverá um reinício AGendado agora
Parameters used in color selection menu;Parâmetros usados no menu de seleção de cores
Show {zallowed_tool_count} colors;Mostrar {zallowed_tool_count} cores
Show {zallowed_tool_count} colors when file colors cannot be scanned;Mostrar {zallowed_tool_count} cores quando as cores do arquivo não puderem ser digitalizadas
Don't scan files for color / material data;Não escanear arquivos para dados de cor / material
Check files for pre-prepared color / material data only;Verificar apenas dados de cor / material preparados nos arquivos
Scan files for color / material data;Escanear arquivos para dados de cor / material
Do not auto-assign colors;Não atribuir cores automaticamente
Auto-assign colors if file colors successfully scanned;Atribuir cores automaticamente se as cores do arquivo forem escaneadas com sucesso
Auto-assign colors if file colors successfully scanned, halt silent mode print on serious auto-assignment errors;Atribuir cores automaticamente se sucesso, interromper impressão em modo silencioso em erros graves
Auto-assign colors if file colors successfully scanned, halt silent mode print on any auto-assignment errors;Atribuir cores automaticamente se sucesso, interromper impressão em modo silencioso em qualquer erro
Auto-assign colors if file colors successfully scanned, halt silent mode print on some auto-assignment errors;Atribuir cores automaticamente se sucesso, interromper impressão em modo silencioso em alguns erros
Display zero-based tool indexes (T0, T1, etc);Exibir índices de ferramentas baseados em zero (T0, T1, etc)
Display one-based tool indexes (Color 1, Color 2, etc);Exibir índices de ferramentas baseados em um (Color 1, Color 2, etc)
Skip color change process if old and new color are the same physical IFS channel;Pular processo de troca de cor se a cor antiga e a nova forem o mesmo canal físico IFS
Do not skip color change process when old and new color are the same physical IFS channel;Não pular processo de troca de cor se a cor antiga e a nova forem o mesmo canal físico IFS
Don't scan files for color data;Não escanear arquivos para dados de cor
Load pre-prepared color data only;Carregar apenas dados de cor preparados
Scan files for color data;Escanear arquivos para dados de cor
Auto-assign colors, silent mode halts on any error;Atribuição automática, modo silencioso para em qualquer erro
Auto-assign colors, silent mode halts on major error;Atribuição automática, modo silencioso para em erro grave
Auto-assign colors;Atribuir cores automaticamente
Auto-assign colors, silent mode halts on some errors;Atribuição automática, modo silencioso para em alguns erros
unknown value:;valor desconhecido:
Unrecognized value for setting:;Valor não reconhecido para a configuração:
custom value:;valor personalizado:
Parameters used during printing;Parâmetros usados durante a impressão
